content: NhanVien,,,,,,,,,,,,,,,,,
ma_nv,ten_nv,gioi_tinh,anh_ca_nhan,so_cccd,so_dien_thoai,vi_tri_cong_viec,chuc_vu,to_phong_ban,trinh_do_hoc_van,chuyen_nganh,noi_dao_tao,nam_tn,ngay_cap,noi_cap,dia_chi_tam_tru,email,ngay_sinh
1,Phạm Thị Phương,1,nhanvien/1.jpg,790000000001,0354900001,Hiệu Trưởng,Hiệu Trưởng,BGH,Đại học,Sư phạm mầm non,Trường ĐH Đà Nẵng,2019,3/15/2022,Cục Cảnh sát quản lý hành chính về trật tự xã hội,"K271 Trường Chinh, quận Cẩm Lệ, TP Đà Nẵng",hieutruong@example.com,5/12/1975
2,Trần Thị Nguyệt,1,nhanvien/2.jpg,790000000002,0354986364,Hiệu phó chuyên môn,Hiệu phó chuyên môn,BGH,Đại học,Sư phạm mầm non,Trường ĐH Đà Nẵng,2017,9/30/2022,Cục Cảnh sát quản lý hành chính về trật tự xã hội,"K271 Lê Hiến Mai, quận Cẩm Lệ, TP Đà Nẵng",hieuphochuyenmon@example.com,11/8/1980
3,Trần Thủy Tiên,1,nhanvien/3.jpg,790000000003,0359187546,Hiệu phó hoạt động,Hiệu phó hoạt động,BGH,Đại học,Sư phạm mầm non,Trường ĐH Đà Nẵng,2018,10/1/2022,Cục Cảnh sát quản lý hành chính về trật tự xã hội,"K271 Vũ Lăng, quận Cẩm Lệ, TP Đà Nẵng",hieuphohoatdong@example.com,3/23/1982
4,Phan Thanh Thảo,1,nhanvien/4.jpg,790000000004,0359879031,Giáo viên,Tổ trưởng,Lớp mầm,Đại học,Sư phạm mầm non,Trường ĐH Đà Nẵng,2021,11/10/2021,Cục Cảnh sát quản lý hành chính về trật tự xã hội,"1775 Phước Tường, quận Cẩm Lệ, TP Đà Nẵng",nhanvien1@example.com,6/15/1990
5,Nguyễn Gia Hân,1,nhanvien/5.jpg,790000000005,0354899090,Giáo viên,Tổ trưởng,Lớp chồi,Cao đẳng,Sư phạm mầm non,Trường ĐH Đà Nẵng,2022,12/1/2022,Cục Cảnh sát quản lý hành chính về trật tự xã hội,"1258 Trường Chinh, quận Cẩm Lệ, TP Đà Nẵng",nhanvien1@gmail.com  ,9/27/1991
6,Hoàng Linh Châu,1,nhanvien/6.jpg,790000000006,0359984774,Bếp,Tổ trưởng,Y tế - Hậu cần,Đại học,Sư phạm mầm non,Trường ĐH Đà Nẵng,2018,8/19/2021,Cục Cảnh sát quản lý hành chính về trật tự xã hội,"K20 Tôn Đản, quận Cẩm Lệ, TP Đà Nẵng",nhanvien2@gmail.com  ,2/3/1988
7,Mai Ngọc Bảo,1,nhanvien/7.jpg,790000000007,0354896543,Giáo viên,Tổ trưởng,Lớp lá,Đại học,Sư phạm mầm non,Trường ĐH Đà Nẵng,2019,9/15/2022,Cục Cảnh sát quản lý hành chính về trật tự xã hội,"K271 Lê Hiến Mai, quận Cẩm Lệ, TP Đà Nẵng",nhanvien3@gmail.com  ,8/19/1992
8,Lê Ngọc Anh,1,nhanvien/8.jpg,790000000008,0354896346,Giáo viên,Tổ trưởng,Văn phòng,Thạc sĩ,Sư phạm mầm non,Trường ĐH Đà Nẵng,2018,10/18/2022,Cục Cảnh sát quản lý hành chính về trật tự xã hội,"K271 Lê Trọng Tấn, quận Cẩm Lệ, TP Đà Nẵng",nhanvien4@gmail.com  ,4/10/1993
9,Lê Thị Lan,1,nhanvien/9.jpg,790000000009,0354896537,Giáo viên,Không,Lớp mầm,Đại học,Sư phạm mầm non,Trường ĐH Đà Nẵng,2017,11/1/2023,Cục Cảnh sát quản lý hành chính về trật tự xã hội,"K271 Lê Trọng Tấn, quận Cẩm Lệ, TP Đà Nẵng",nhanvien5@gmail.com  ,7/6/1989
10,Nguyễn Gia Luân,1,nhanvien/10.jpg,790000000010,0354897078,Giáo viên,Không,Lớp mầm,Trung cấp,Sư phạm mầm non,Trường ĐH Đà Nẵng,2020,10/25/2023,Cục Cảnh sát quản lý hành chính về trật tự xã hội,"K271 Trường Chinh, quận Cẩm Lệ, TP Đà Nẵng",nhanvien6@gmail.com  ,10/25/1990
11,Phạm Hồng Sơn,1,nhanvien/11.jpg,790000000011,0354898089,Giáo viên,Không,Lớp mầm,Thạc sĩ,Sư phạm mầm non,Trường ĐH Đà Nẵng,2020,12/1/2022,Cục Cảnh sát quản lý hành chính về trật tự xã hội,"1138 Nguyễn Văn Linh, TP Đà Nẵng",nhanvien7@gmail.com  ,12/11/1994
12,Nguyễn Mai Lan,1,nhanvien/12.jpg,790000000012,0354878945,Giáo viên,Không,Lớp mầm,Cao đẳng,Sư phạm mầm non,Trường ĐH Đà Nẵng,2019,9/10/2022,Cục Cảnh sát quản lý hành chính về trật tự xã hội,"K103 Ngô Quyền, quận Hải Châu, TP Đà Nẵng",nhanvien8@gmail.com  ,1/9/1993
13,Trần Ngọc Anh,1,nhanvien/13.jpg,790000000013,0359879032,Giáo viên,Không,Lớp mầm,Đại học,Sư phạm mầm non,Trường ĐH Đà Nẵng,2017,7/1/2023,Cục Cảnh sát quản lý hành chính về trật tự xã hội,"225 Trường Chinh, TP Đà Nẵng",nhanvien9@gmail.com  ,3/20/1987
14,Lê Thu Thảo,1,nhanvien/14.jpg,790000000014,0354900002,Giáo viên,Không,Lớp chồi,Đại học,Sư phạm mầm non,Trường ĐH Đà Nẵng,2019,6/20/2023,Cục Cảnh sát quản lý hành chính về trật tự xã hội,"K271 Lê Hiến Mai, quận Cẩm Lệ, TP Đà Nẵng",nhanvien10@gmail.com  ,6/7/1995
15,Phan Thị Minh,1,nhanvien/15.jpg,790000000015,0354986365,Giáo viên,Không,Lớp chồi,Trung cấp,Sư phạm mầm non,Trường ĐH Đà Nẵng,2018,8/20/2022,Cục Cảnh sát quản lý hành chính về trật tự xã hội,"301 Trường Chinh, quận Hải Châu, TP Đà Nẵng",nhanvien11@gmail.com  ,2/14/1991
16,Nguyễn Quỳnh Mai,1,nhanvien/16.jpg,790000000016,0359187547,Giáo viên,Không,Lớp chồi,Đại học,Sư phạm mầm non,Trường ĐH Đà Nẵng,2020,9/15/2021,Cục Cảnh sát quản lý hành chính về trật tự xã hội.,"1775 Phước Tường, TP Đà Nẵng",nhanvien12@gmail.com  ,5/31/1992
17,Lê Thị Thanh,1,nhanvien/17.jpg,790000000017,0359879033,Giáo viên,Không,Lớp chồi,Đại học,Sư phạm mầm non,Trường ĐH Đà Nẵng,2021,9/30/2022,Cục Cảnh sát quản lý hành chính về trật tự xã hội.,"K20 Tôn Đản, quận Cẩm Lệ, TP Đà Nẵng",nhanvien13@gmail.com  ,8/22/1993
18,Hồ Hải Đăng,1,nhanvien/18.jpg,790000000018,0354899091,Giáo viên,Không,Lớp lá,Trung cấp,Sư phạm mầm non,Trường ĐH Đà Nẵng,2019,10/1/2022,Cục Cảnh sát quản lý hành chính về trật tự xã hội.,"K271 Lê Trọng Tấn, quận Cẩm Lệ, TP Đà Nẵng",nhanvien14@gmail.com  ,9/4/1990
19,Đỗ Phan Tuyết,1,nhanvien/19.jpg,790000000019,0359984775,Giáo viên,Không,Lớp lá,Trung cấp,Sư phạm mầm non,Trường ĐH Đà Nẵng,2018,11/10/2021,Cục Cảnh sát quản lý hành chính về trật tự xã hội.,"123 Nguyễn Trãi, quận Sơn Trà, TP Đà Nẵng",nhanvien15@gmail.com  ,7/16/1989
20,Nguyễn Thanh Tâm,1,nhanvien/20.jpg,790000000020,0354896544,Giáo viên,Không,Lớp lá,Trung cấp,Sư phạm mầm non,Trường ĐH Đà Nẵng,2017,12/1/2022,Cục Cảnh sát quản lý hành chính về trật tự xã hội.,"568 Ngô Quyền, quận Hải Châu, TP Đà Nẵng",nhanvien16@gmail.com  ,10/28/1991
21,Hoàng Ngọc Khánh,1,nhanvien/21.jpg,790000000021,0354896347,Giáo viên,Không,Lớp lá,Cao đẳng,Sư phạm mầm non,Trường ĐH Đà Nẵng,2018,8/19/2021,Cục Cảnh sát quản lý hành chính về trật tự xã hội.,"788 Nguyễn Lương Bằng, TP Đà Nẵng",nhanvien17@gmail.com  ,12/17/1994
22,Trần Thị Bích,1,nhanvien/22.jpg,790000000022,0354896538,Giáo viên,Không,Lớp lá,Cao đẳng,Sư phạm mầm non,,2021,9/15/2022,Cục Cảnh sát quản lý hành chính về trật tự xã hội.,"1235 Quang Trung, TP Đà Nẵng",nhanvien18@gmail.com  ,3/1/1990
23,Nguyễn Minh Hải,2,nhanvien/23.jpg,790000000023,0354897079,Nhân sự,Không,Văn phòng,Cao đẳng,Quản trị kinh doanh,Trường ĐH Đà Nẵng,2018,10/18/2022,Cục Cảnh sát quản lý hành chính về trật tự xã hội.,"1013 Lê Duẩn, TP Đà Nẵng",nhanvien19@gmail.com  ,6/13/1986
24,Phạm Đình Trí,2,nhanvien/24.jpg,790000000024,0354898090,Kế toán,Không,Văn phòng,Đại học,Kế toán,Trường ĐH Đà Nẵng,2019,11/1/2023,Cục Cảnh sát quản lý hành chính về trật tự xã hội.,"1119 Hoàng Diệu, TP Đà Nẵng",nhanvien20@gmail.com  ,4/21/1985
25,Lê Quang Huy,2,nhanvien/25.jpg,790000000025,0354878946,Nhân sự,Không,Văn phòng,Đại học,Kế toán,Trường ĐH Đà Nẵng,2020,10/25/2023,Cục Cảnh sát quản lý hành chính về trật tự xã hội.,"1458 Nguyễn Văn Linh, TP Đà Nẵng",nhanvien21@gmail.com  ,9/5/1987
26,Nguyễn Đức Nam,2,nhanvien/26.jpg,790000000026,0359879034,Tuyển sinh,Không,Văn phòng,Đại học,Marketing,Trường ĐH Đà Nẵng,2017,9/2/2021,Cục Cảnh sát quản lý hành chính về trật tự xã hội.,"907 Lý Tự Trọng, TP Đà Nẵng",nhanvien22@gmail.com  ,11/26/1992
27,Trần Thị Thanh,1,nhanvien/27.jpg,790000000027,0354900003,Bếp,Không,Y tế - Hậu cần,Tốt nghiệp THPT,,,2020,12/1/2022,Cục Cảnh sát quản lý hành chính về trật tự xã hội.,"275 Hải Phòng, TP Đà Nẵng",nhanvien23@gmail.com  ,1/30/1983
28,Nguyễn Đình Minh,2,nhanvien/28.jpg,790000000028,0354986366,Bếp,Không,Y tế - Hậu cần,Tốt nghiệp THPT,,,2019,9/10/2022,Cục Cảnh sát quản lý hành chính về trật tự xã hội.,"118 Lê Lợi, TP Đà Nẵng",nhanvien24@gmail.com  ,7/18/1984
29,Lê Thị Bích,1,nhanvien/29.jpg,790000000029,03059187548,Y - tế,Không,Y tế - Hậu cần,Đại học,Y đa khoa,Trường ĐH Đà Nẵng,2019,7/1/2023,Cục Cảnh sát quản lý hành chính về trật tự xã hội.,"1501 Nguyễn Chí Thanh, TP Đà Nẵng",nhanvien25@gmail.com  ,6/2/1986
30,Đoàn Kim Giáp,2,nhanvien/30.jpg,790000000030,0359879035,Bếp,Không,Y tế - Hậu cần,Tốt nghiệp THPT,,,2017,6/20/2023,Cục Cảnh sát quản lý hành chính về trật tự xã hội.,"1123 Tôn Đức Thắng, TP Đà Nẵng",nhanvien26@gmail.com  ,10/24/1988
,,,,,,,,,,,,,,,,,
content: HopDongLaoDong,,,,,,,,,,,,,,,,,
nhan_vien,vi_tri_lam_viec,to_phong_ban,loai_hop_dong,luong,ngay_ky,tu_ngay,den_ngay,trang_thai_hop_dong,so_hop_dong,thoi_han_hop_dong,,,,,,,
2,Hiệu phó chuyên môn,BGH,Hợp đồng có thời hạn,15000000,3/1/2022,3/1/2022,7/29/2025,Đang hiệu lực,HD001,24,,,,,,,
3,Hiệu phó hoạt động,BGH,Hợp đồng có thời hạn,15000000,3/1/2022,3/1/2022,6/10/2025,Đang hiệu lực,HD002,18,,,,,,,
4,Giáo viên,Lớp mầm,Hợp đồng có thời hạn,10000000,2/15/2022,2/15/2022,11/16/2025,Đang hiệu lực,HD003,36,,,,,,,
5,Giáo viên,Lớp chồi,Hợp đồng có thời hạn,10000000,3/1/2022,3/1/2022,8/16/2026,Đang hiệu lực,HD004,15,,,,,,,
6,Giáo viên,Y tế - Hậu cần,Hợp đồng có thời hạn,10000000,2/1/2022,2/1/2022,2/11/2026,Đang hiệu lực,HD005,48,,,,,,,
7,Giáo viên,Lớp lá,Hợp đồng có thời hạn,10000000,3/1/2022,3/1/2022,11/3/2025,Đang hiệu lực,HD006,12,,,,,,,
8,Giáo viên,Văn phòng,Hợp đồng có thời hạn,10000000,4/1/2022,4/1/2022,8/28/2027,Đang hiệu lực,HD007,60,,,,,,,
9,Giáo viên,Lớp mầm,Hợp đồng có thời hạn,7000000,3/1/2022,3/1/2022,3/29/2027,Đang hiệu lực,HD008,30,,,,,,,
10,Giáo viên,Lớp mầm,Hợp đồng có thời hạn,7000000,3/1/2022,3/1/2022,10/25/2025,Đang hiệu lực,HD009,27,,,,,,,
11,Giáo viên,Lớp mầm,Hợp đồng có thời hạn,7000000,3/1/2022,3/1/2022,6/25/2026,Đang hiệu lực,HD010,42,,,,,,,
12,Giáo viên,Lớp mầm,Hợp đồng có thời hạn,7000000,2/1/2022,2/1/2022,11/27/2027,Đang hiệu lực,HD011,9,,,,,,,
13,Giáo viên,Lớp mầm,Hợp đồng có thời hạn,7000000,4/1/2022,4/1/2022,7/30/2026,Đang hiệu lực,HD012,54,,,,,,,
14,Giáo viên,Lớp chồi,Hợp đồng có thời hạn,7000000,3/1/2022,3/1/2022,3/27/2027,Đang hiệu lực,HD013,33,,,,,,,
15,Giáo viên,Lớp chồi,Hợp đồng có thời hạn,7000000,5/1/2022,5/1/2022,2/26/2027,Đang hiệu lực,HD014,21,,,,,,,
16,Giáo viên,Lớp chồi,Hợp đồng có thời hạn,7000000,12/1/2021,12/1/2021,11/20/2026,Đang hiệu lực,HD015,45,,,,,,,
17,Giáo viên,Lớp chồi,Hợp đồng thử việc,7000000,1/1/2022,1/1/2022,6/14/2027,Đang hiệu lực,HD016,6,,,,,,,
18,Giáo viên,Lớp lá,Hợp đồng thử việc,7000000,1/1/2021,1/1/2021,5/20/2027,Đang hiệu lực,HD017,39,,,,,,,
19,Giáo viên,Lớp lá,Hợp đồng thử việc,7000000,6/1/2022,6/1/2022,11/20/2027,Đang hiệu lực,HD018,27,,,,,,,
20,Giáo viên,Lớp lá,Hợp đồng thử việc,7000000,7/1/2022,7/1/2022,11/25/2027,Đang hiệu lực,HD019,51,,,,,,,
21,Giáo viên,Lớp lá,Hợp đồng thử việc,7000000,3/1/2022,3/1/2022,2/14/2028,Đang hiệu lực,HD020,12,,,,,,,
22,Giáo viên,Lớp lá,Hợp đồng thử việc,7000000,8/1/2022,8/1/2022,5/27/2026,Đang hiệu lực,HD021,18,,,,,,,
23,Nhân sự,Văn phòng,Hợp đồng thử việc,7000000,9/1/2022,9/1/2022,12/11/2027,Đang hiệu lực,HD022,63,,,,,,,
24,Kế toán,Văn phòng,Hợp đồng có thời hạn,8000000,10/1/2022,10/1/2022,9/15/2027,Đang hiệu lực,HD023,3,,,,,,,
25,Nhân sự,Văn phòng,Hợp đồng thử việc,7000000,11/1/2022,11/1/2022,12/28/2027,Đang hiệu lực,HD024,72,,,,,,,
26,Tuyển sinh,Văn phòng,Hợp đồng có thời hạn,5000000,1/1/2023,1/1/2023,1/14/2028,Đang hiệu lực,HD025,29,,,,,,,
27,Bếp,Y tế - Hậu cần,Hợp đồng thử việc,5000000,2/1/2023,2/1/2023,9/15/2026,Đang hiệu lực,HD026,48,,,,,,,
28,Bếp,Y tế - Hậu cần,Hợp đồng có thời hạn,5000000,3/1/2023,3/1/2023,10/3/2025,Đang hiệu lực,HD027,14,,,,,,,
29,Y - tế,Y tế - Hậu cần,Hợp đồng thử việc,5000000,4/1/2023,4/1/2023,11/20/2025,Đang hiệu lực,HD028,60,,,,,,,
30,Bếp,Y tế - Hậu cần,Hợp đồng có thời hạn,5000000,5/1/2023,5/1/2023,8/9/2025,Đang hiệu lực,HD029,36,,,,,,,
,,,,,,,,,,,,,,,,,
,,,,,,,,,,,,,,,,,
content: KyLuat,,,,,,,,,,,,,,,,,
nhan_vien,ngay_bat_dau,ngay_ket_thuc,ly_do,nguoi_tao_don,muc_do,so_tien_phat,nguoi_duyet_don,trang_thai,minh_chung_url,minh_chung_file,,,,,,,
10,3/25/2025,6/25/2025,Vi phạm nội quy C,4,Kỷ luật 3 tháng,,1,Đã duyệt,https://example.com/file1.pdf,minh_chung_1.pdf,,,,,,,
15,4/3/2025,,Vi phạm nội quy C,5,Phạt tiền,100000,2,Đã duyệt,https://example.com/file2.pdf,minh_chung_2.jpg,,,,,,,
18,4/10/2025,7/10/2025,Vi phạm nội quy B,7,Kỷ luật 3 tháng,,3,Đã duyệt,https://example.com/file3.pdf,,,,,,,,
24,2/6/2025,,Vi phạm nội quy A,8,Phạt tiền,100000,2,Đã duyệt,https://example.com/file4.pdf,minh_chung_4.pdf,,,,,,,
29,2/18/2025,5/18/2025,Vi phạm nội quy A,6,Kỷ luật 3 tháng,,3,Đã duyệt,https://example.com/file5.pdf,,,,,,,,
,,,,,,,,,,,,,,,,,
,,,,,,,,,,,,,,,,,
content: KhenThuong,,,,,,,,,,,,,,,,,
nhan_vien,ngay_tao,gia_tri,ly_do,trang_thai,nguoi_tao_don,nguoi_duyet_don,minh_chung_url,minh_chung_file,,,,,,,,,
8,3/13/2025,100000,Đạt thành tích tốt,Đã duyệt,8,2,https://example.com/khen1.pdf,minh_chung_1.pdf,,,,,,,,,
16,1/27/2025,100000,Đạt thành tích xuất sắc,Đã duyệt,5,2,https://example.com/khen2.pdf,,,,,,,,,,
19,2/19/2025,100000,Đạt thành tích vượt chỉ tiêu,Đã duyệt,7,2,https://example.com/khen3.pdf,,,,,,,,,,
21,3/22/2025,100000,Đạt thành tích vượt chỉ tiêu,Đã duyệt,7,2,https://example.com/khen4.pdf,,,,,,,,,,
15,1/1/2025,100000,Đạt thành tích vượt chỉ tiêu,Đã duyệt,4,2,https://example.com/khen5.pdf,,,,,,,,,,
12,2/25/2025,100000,Đạt thành tích vượt chỉ tiêu,Đã duyệt,5,2,https://example.com/khen6.pdf,,,,,,,,,,
9,1/15/2025,100000,Đạt thành tích vượt chỉ tiêu,Đã duyệt,4,2,https://example.com/khen7.pdf,,,,,,,,,,
13,2/15/2025,100000,Đạt thành tích tốt,Đã duyệt,4,2,https://example.com/khen8.pdf,,,,,,,,,,
,,,,,,,,,,,,,,,,,
content: BHXH,,,,,,,,,,,,,,,,,
nhan_vien,nhan_vien_dong,truong_dong,thoi_gian_bat_dau,ma_BHXH,,,,,,,,,,,,,
2,10.5,21.5,3/1/2022,4821028002,,,,,,,,,,,,,
3,10.5,21.5,2/15/2022,4821028003,,,,,,,,,,,,,
4,10.5,21.5,2/1/2022,4821028004,,,,,,,,,,,,,
5,10.5,21.5,3/1/2022,4821028005,,,,,,,,,,,,,
6,10.5,21.5,2/1/2022,4821028006,,,,,,,,,,,,,
7,10.5,21.5,3/1/2022,4821028007,,,,,,,,,,,,,
8,10.5,21.5,5/1/2022,4821028008,,,,,,,,,,,,,
9,10.5,21.5,12/1/2021,4821028009,,,,,,,,,,,,,
10,10.5,21.5,1/1/2021,4821028010,,,,,,,,,,,,,
11,10.5,21.5,7/1/2022,4821028011,,,,,,,,,,,,,
12,10.5,21.5,8/1/2022,4821028012,,,,,,,,,,,,,
13,10.5,21.5,10/1/2022,4821028013,,,,,,,,,,,,,
14,10.5,21.5,1/1/2023,4821028014,,,,,,,,,,,,,
15,10.5,21.5,5/1/2023,4821028015,,,,,,,,,,,,,
16,10.5,21.5,12/1/2023,4821028016,,,,,,,,,,,,,
24,10.5,21.5,10/1/2022,4821028024,,,,,,,,,,,,,
26,10.5,21.5,1/1/2023,4821028026,,,,,,,,,,,,,
28,10.5,21.5,3/1/2023,4821028028,,,,,,,,,,,,,
,,,,,,,,,,,,,,,,,
,,,,,,,,,,,,,,,,,
content: DongBHXH,,,,,,,,,,,,,,,,,
nhan_vien,ngay_bat_dau,ngay_ket_thuc,tong_tien,,,,,,,,,,,,,,
2,1/1/2025,1/31/2025,4800000,,,,,,,,,,,,,,
3,1/1/2025,1/31/2025,4800000,,,,,,,,,,,,,,
4,1/1/2025,1/31/2025,3200000,,,,,,,,,,,,,,
5,1/1/2025,1/31/2025,3200000,,,,,,,,,,,,,,
6,1/1/2025,1/31/2025,3200000,,,,,,,,,,,,,,
7,1/1/2025,1/31/2025,3200000,,,,,,,,,,,,,,
8,1/1/2025,1/31/2025,3200000,,,,,,,,,,,,,,
9,1/1/2025,1/31/2025,2240000,,,,,,,,,,,,,,
10,1/1/2025,1/31/2025,2240000,,,,,,,,,,,,,,
11,1/1/2025,1/31/2025,2240000,,,,,,,,,,,,,,
12,1/1/2025,1/31/2025,2240000,,,,,,,,,,,,,,
13,1/1/2025,1/31/2025,2240000,,,,,,,,,,,,,,
14,1/1/2025,1/31/2025,2240000,,,,,,,,,,,,,,
15,1/1/2025,1/31/2025,2240000,,,,,,,,,,,,,,
16,1/1/2025,1/31/2025,2240000,,,,,,,,,,,,,,
24,1/1/2025,1/31/2025,2560000,,,,,,,,,,,,,,
26,1/1/2025,1/31/2025,1600000,,,,,,,,,,,,,,
28,1/1/2025,1/31/2025,1600000,,,,,,,,,,,,,,
2,2/1/2025,2/28/2025,4800000,,,,,,,,,,,,,,
3,2/1/2025,2/28/2025,4800000,,,,,,,,,,,,,,
4,2/1/2025,2/28/2025,3200000,,,,,,,,,,,,,,
5,2/1/2025,2/28/2025,3200000,,,,,,,,,,,,,,
6,2/1/2025,2/28/2025,3200000,,,,,,,,,,,,,,
7,2/1/2025,2/28/2025,3200000,,,,,,,,,,,,,,
8,2/1/2025,2/28/2025,3200000,,,,,,,,,,,,,,
9,2/1/2025,2/28/2025,2240000,,,,,,,,,,,,,,
10,2/1/2025,2/28/2025,2240000,,,,,,,,,,,,,,
11,2/1/2025,2/28/2025,2240000,,,,,,,,,,,,,,
12,2/1/2025,2/28/2025,2240000,,,,,,,,,,,,,,
13,2/1/2025,2/28/2025,2240000,,,,,,,,,,,,,,
14,2/1/2025,2/28/2025,2240000,,,,,,,,,,,,,,
15,2/1/2025,2/28/2025,2240000,,,,,,,,,,,,,,
16,2/1/2025,2/28/2025,2240000,,,,,,,,,,,,,,
24,2/1/2025,2/28/2025,2560000,,,,,,,,,,,,,,
26,2/1/2025,2/28/2025,1600000,,,,,,,,,,,,,,
28,2/1/2025,2/28/2025,1600000,,,,,,,,,,,,,,
,,,,,,,,,,,,,,,,,
,,,,,,,,,,,,,,,,,
,,,,,,,,,,,,,,,,,
content:NghiPhep,,,,,,,,,,,,,,,,,
nhan_vien,loai_nghi,ngay_bat_dau,ngay_ket_thuc,ly_do,trang_thai_don,ghi_chu,ngay_tao_don,ngay_chinh_sua,nguoi_duyet,ngay_duyet,,,,,,,
2,Nghỉ ốm,5/10/2024,5/12/2024,"Bị sốt cao, cần nghỉ ngơi",Đã duyệt,,5/8/2024,,1,5/9/2024,,,,,,,
3,Nghỉ phép năm,7/15/2024,7/20/2024,Đi du lịch với gia đình,Đã duyệt,,7/1/2024,,1,7/5/2024,,,,,,,
11,Nghỉ phép năm,9/5/2024,9/10/2024,Tham gia khóa học đào tạo,Bị từ chối,Không có nhân sự thay thế,8/20/2024,21/08/2024,4,8/25/2024,,,,,,,
12,Nghỉ ốm,11/20/2024,11/22/2024,"Đau dạ dày, cần nghỉ ngơi",Đã duyệt,,11/18/2024,,4,11/19/2024,,,,,,,
17,Nghỉ phép năm,3/30/2025,4/2/2025,Về quê thăm gia đình,Đã duyệt,,3/25/2025,,5,3/28/2025,,,,,,,
18,Nghỉ ốm,6/15/2024,6/17/2024,"Tai nạn nhẹ, cần nghỉ dưỡng",Đã duyệt,,6/12/2024,,7,6/13/2024,,,,,,,
20,Nghỉ phép năm,4/10/2025,4/15/2025,Tham gia sự kiện cá nhân,Đã duyệt,,3/28/2025,,7,4/1/2025,,,,,,,
3,Nghỉ phép năm,8/20/2024,8/23/2024,Chăm sóc người thân ốm,Bị từ chối,Không đủ nhân sự thay thế,8/15/2024,,1,8/18/2024,,,,,,,
14,Nghỉ ốm,10/25/2024,10/28/2024,Nghỉ phục hồi sức khỏe sau mổ,Đã duyệt,,10/20/2024,,5,10/22/2024,,,,,,,
2,Nghỉ phép năm,3/25/2025,3/28/2025,Công việc cá nhân,Đã duyệt,,3/20/2025,,1,3/22/2025,,,,,,,
15,Nghỉ ốm,4/10/2022,4/12/2022,"Cảm cúm, cần nghỉ ngơi",Đã duyệt,,4/8/2022,,5,4/9/2024,,,,,,,
17,Nghỉ phép năm,12/15/2024,12/20/2024,Đi nghỉ mát cùng gia đình,Đã duyệt,,12/5/2024,,5,12/10/2024,,,,,,,
19,Nghỉ ốm,2/12/2025,2/14/2025,Nghỉ dưỡng bệnh,Đã duyệt,,2/10/2025,,7,2/11/2025,,,,,,,
11,Nghỉ phép năm,9/10/2024,9/15/2024,Du lịch đầu năm,Đã duyệt,,9/1/2024,,4,9/5/2024,,,,,,,
14,Nghỉ ốm,7/25/2024,7/27/2024,"Đau lưng, không thể đi làm",Bị từ chối,Không có giấy chứng nhận y tế,7/22/2024,,5,7/23/2024,,,,,,,
5,Nghỉ phép năm,2/20/2025,2/23/2025,Công việc cá nhân,Đã duyệt,,2/15/2025,,2,2/18/2025,,,,,,,
8,Nghỉ ốm,3/1/2024,3/3/2024,Nghỉ do bệnh hô hấp,Đã duyệt,,2/27/2024,,2,2/29/2024,,,,,,,
3,Nghỉ phép năm,11/5/2024,11/10/2024,Nghỉ tuần trăng mật,Đã duyệt,,10/25/2024,,1,10/30/2024,,,,,,,
9,Nghỉ ốm,1/5/2024,1/8/2024,"Phẫu thuật nhỏ, cần nghỉ dưỡng",Đã duyệt,,12/28/2023,,4,1/2/2024,,,,,,,
16,Nghỉ ốm,12/20/2021,12/22/2021,"Phẫu thuật nhỏ, cần nghỉ dưỡng",Đã duyệt,,12/19/2021,,7,12/19/2021,,,,,,,
,,,,,,,,,,,,,,,,,
,,,,,,,,,,,,,,,,,
,,,,,,,,,,,,,,,,,
,,,,,,,,,,,,,,,,,
,,,,,,,,,,,,,,,,,
,,,,,,,,,,,,,,,,,
,,,,,,,,,,,,,,,,,
,,,,,,,,,,,,,,,,,
,,,,,,,,,,,,,,,,,
,,,,,,,,,,,,,,,,,
,,,,,,,,,,,,,,,,,
,,,,,,,,,,,,,,,,,
,,,,,,,,,,,,,,,,,
,,,,,,,,,,,,,,,,,
,,,,,,,,,,,,,,,,,
,,,,,,,,,,,,,,,,,
,,,,,,,,,,,,,,,,,
,,,,,,,,,,,,,,,,,
,,,,,,,,,,,,,,,,,
,,,,,,,,,,,,,,,,,
,,,,,,,,,,,,,,,,,
,,,,,,,,,,,,,,,,,
,,,,,,,,,,,,,,,,,
,,,,,,,,,,,,,,,,,
content:ChamCong,,,,,,,,,,,,,,,,,
id_nv,gio_vao,gio_ra,ngay,thang,nam,trang_thai,,,,,,,,,,,
2,6:56:00,17:01:00,3,2,2025,0,,,,,,,,,,,
2,6:21:00,16:48:00,4,2,2025,0,,,,,,,,,,,
2,6:22:00,17:13:00,5,2,2025,0,,,,,,,,,,,
2,6:00:00,17:56:00,6,2,2025,0,,,,,,,,,,,
2,6:31:00,16:47:00,7,2,2025,0,,,,,,,,,,,
2,6:33:00,16:41:00,10,2,2025,0,,,,,,,,,,,
2,6:44:00,18:06:00,11,2,2025,0,,,,,,,,,,,
2,6:03:00,17:51:00,12,2,2025,0,,,,,,,,,,,
2,6:17:00,17:52:00,13,2,2025,0,,,,,,,,,,,
2,6:37:00,17:13:00,14,2,2025,0,,,,,,,,,,,
2,6:12:00,16:18:00,17,2,2025,0,,,,,,,,,,,
2,6:00:00,17:07:00,18,2,2025,0,,,,,,,,,,,
2,6:44:00,17:11:00,19,2,2025,0,,,,,,,,,,,
2,6:55:00,18:35:00,20,2,2025,0,,,,,,,,,,,
2,6:27:00,18:06:00,21,2,2025,0,,,,,,,,,,,
2,6:31:00,17:04:00,24,2,2025,0,,,,,,,,,,,
2,6:58:00,16:29:00,25,2,2025,0,,,,,,,,,,,
2,6:17:00,16:20:00,26,2,2025,0,,,,,,,,,,,
2,6:53:00,17:21:00,27,2,2025,0,,,,,,,,,,,
2,6:04:00,18:40:00,28,2,2025,0,,,,,,,,,,,
2,6:21:00,17:06:00,3,3,2025,0,,,,,,,,,,,
2,6:56:00,16:07:00,4,3,2025,0,,,,,,,,,,,
2,,,5,3,2025,1,,,,,,,,,,,
2,6:21:00,16:06:00,6,3,2025,0,,,,,,,,,,,
2,6:09:00,18:26:00,7,3,2025,0,,,,,,,,,,,
2,6:49:00,16:01:00,10,3,2025,0,,,,,,,,,,,
2,6:51:00,18:47:00,11,3,2025,0,,,,,,,,,,,
2,6:11:00,16:56:00,12,3,2025,0,,,,,,,,,,,
2,6:22:00,17:56:00,13,3,2025,0,,,,,,,,,,,
2,6:42:00,17:09:00,14,3,2025,0,,,,,,,,,,,
2,6:37:00,17:37:00,17,3,2025,0,,,,,,,,,,,
2,6:05:00,18:12:00,18,3,2025,0,,,,,,,,,,,
2,6:02:00,18:15:00,19,3,2025,0,,,,,,,,,,,
2,6:15:00,18:49:00,20,3,2025,0,,,,,,,,,,,
2,6:24:00,17:03:00,21,3,2025,0,,,,,,,,,,,
2,6:31:00,17:18:00,24,3,2025,0,,,,,,,,,,,
2,6:20:00,16:09:00,25,3,2025,0,,,,,,,,,,,
2,6:10:00,18:39:00,26,3,2025,0,,,,,,,,,,,
2,6:29:00,17:05:00,27,3,2025,0,,,,,,,,,,,
2,6:48:00,18:01:00,28,3,2025,0,,,,,,,,,,,
2,6:29:00,17:53:00,31,3,2025,0,,,,,,,,,,,
3,6:44:00,16:10:00,3,2,2025,0,,,,,,,,,,,
3,6:25:00,17:37:00,4,2,2025,0,,,,,,,,,,,
3,6:00:00,16:04:00,5,2,2025,0,,,,,,,,,,,
3,6:56:00,16:02:00,6,2,2025,0,,,,,,,,,,,
3,6:42:00,17:13:00,7,2,2025,0,,,,,,,,,,,
3,,,10,2,2025,1,,,,,,,,,,,
3,6:08:00,16:06:00,11,2,2025,0,,,,,,,,,,,
3,6:07:00,16:31:00,12,2,2025,0,,,,,,,,,,,
3,6:05:00,16:52:00,13,2,2025,0,,,,,,,,,,,
3,6:22:00,16:55:00,14,2,2025,0,,,,,,,,,,,
3,6:27:00,18:46:00,17,2,2025,0,,,,,,,,,,,
3,6:08:00,17:06:00,18,2,2025,0,,,,,,,,,,,
3,6:41:00,18:40:00,19,2,2025,0,,,,,,,,,,,
3,6:03:00,17:24:00,20,2,2025,0,,,,,,,,,,,
3,6:41:00,18:24:00,21,2,2025,0,,,,,,,,,,,
3,6:40:00,17:03:00,24,2,2025,0,,,,,,,,,,,
3,6:05:00,16:09:00,25,2,2025,0,,,,,,,,,,,
3,6:13:00,16:51:00,26,2,2025,0,,,,,,,,,,,
3,6:36:00,16:24:00,27,2,2025,0,,,,,,,,,,,
3,6:10:00,16:57:00,28,2,2025,0,,,,,,,,,,,
3,6:35:00,18:45:00,3,3,2025,0,,,,,,,,,,,
3,6:55:00,16:31:00,4,3,2025,0,,,,,,,,,,,
3,6:49:00,16:39:00,5,3,2025,0,,,,,,,,,,,
3,6:57:00,16:22:00,6,3,2025,0,,,,,,,,,,,
3,6:48:00,18:37:00,7,3,2025,0,,,,,,,,,,,
3,6:01:00,18:36:00,10,3,2025,0,,,,,,,,,,,
3,6:36:00,16:50:00,11,3,2025,0,,,,,,,,,,,
3,6:32:00,18:15:00,12,3,2025,0,,,,,,,,,,,
3,6:20:00,17:08:00,13,3,2025,0,,,,,,,,,,,
3,6:48:00,17:23:00,14,3,2025,0,,,,,,,,,,,
3,6:20:00,17:28:00,17,3,2025,0,,,,,,,,,,,
3,6:10:00,16:29:00,18,3,2025,0,,,,,,,,,,,
3,6:50:00,17:15:00,19,3,2025,0,,,,,,,,,,,
3,6:59:00,17:11:00,20,3,2025,0,,,,,,,,,,,
3,6:19:00,17:56:00,21,3,2025,0,,,,,,,,,,,
3,6:29:00,17:17:00,24,3,2025,0,,,,,,,,,,,
3,6:26:00,16:18:00,25,3,2025,0,,,,,,,,,,,
3,6:11:00,18:16:00,26,3,2025,0,,,,,,,,,,,
3,6:34:00,17:02:00,27,3,2025,0,,,,,,,,,,,
3,6:48:00,18:05:00,28,3,2025,0,,,,,,,,,,,
3,6:02:00,18:20:00,31,3,2025,0,,,,,,,,,,,
4,6:00:00,16:02:00,3,2,2025,0,,,,,,,,,,,
4,6:05:00,17:26:00,4,2,2025,0,,,,,,,,,,,
4,6:31:00,17:15:00,5,2,2025,0,,,,,,,,,,,
4,6:46:00,17:09:00,6,2,2025,0,,,,,,,,,,,
4,6:16:00,17:47:00,7,2,2025,0,,,,,,,,,,,
4,6:19:00,17:45:00,10,2,2025,0,,,,,,,,,,,
4,6:49:00,17:18:00,11,2,2025,0,,,,,,,,,,,
4,6:00:00,16:54:00,12,2,2025,0,,,,,,,,,,,
4,,,13,2,2025,1,,,,,,,,,,,
4,6:34:00,18:04:00,14,2,2025,0,,,,,,,,,,,
4,6:49:00,16:25:00,17,2,2025,0,,,,,,,,,,,
4,6:54:00,18:06:00,18,2,2025,0,,,,,,,,,,,
4,6:03:00,16:10:00,19,2,2025,0,,,,,,,,,,,
4,6:57:00,16:10:00,20,2,2025,0,,,,,,,,,,,
4,6:20:00,16:23:00,21,2,2025,0,,,,,,,,,,,
4,6:24:00,16:48:00,24,2,2025,0,,,,,,,,,,,
4,6:52:00,18:51:00,25,2,2025,0,,,,,,,,,,,
4,6:46:00,17:43:00,26,2,2025,0,,,,,,,,,,,
4,6:26:00,18:30:00,27,2,2025,0,,,,,,,,,,,
4,7:49:00,18:19:00,28,2,2025,2,,,,,,,,,,,
4,6:30:00,17:29:00,3,3,2025,0,,,,,,,,,,,
4,6:38:00,16:14:00,4,3,2025,0,,,,,,,,,,,
4,6:22:00,17:59:00,5,3,2025,0,,,,,,,,,,,
4,6:12:00,18:34:00,6,3,2025,0,,,,,,,,,,,
4,6:14:00,16:24:00,7,3,2025,0,,,,,,,,,,,
4,6:21:00,16:35:00,10,3,2025,0,,,,,,,,,,,
4,6:41:00,17:04:00,11,3,2025,0,,,,,,,,,,,
4,6:22:00,18:58:00,12,3,2025,0,,,,,,,,,,,
4,6:46:00,18:42:00,13,3,2025,0,,,,,,,,,,,
4,,,14,3,2025,1,,,,,,,,,,,
4,6:34:00,16:08:00,17,3,2025,0,,,,,,,,,,,
4,6:24:00,17:51:00,18,3,2025,0,,,,,,,,,,,
4,6:24:00,16:52:00,19,3,2025,0,,,,,,,,,,,
4,6:09:00,18:23:00,20,3,2025,0,,,,,,,,,,,
4,6:33:00,17:17:00,21,3,2025,0,,,,,,,,,,,
4,6:02:00,16:09:00,24,3,2025,0,,,,,,,,,,,
4,6:10:00,18:37:00,25,3,2025,0,,,,,,,,,,,
4,6:06:00,18:27:00,26,3,2025,0,,,,,,,,,,,
4,6:30:00,18:58:00,27,3,2025,0,,,,,,,,,,,
4,6:56:00,17:40:00,28,3,2025,0,,,,,,,,,,,
4,6:11:00,16:26:00,31,3,2025,0,,,,,,,,,,,
5,6:18:00,18:41:00,3,2,2025,0,,,,,,,,,,,
5,6:54:00,18:39:00,4,2,2025,0,,,,,,,,,,,
5,6:37:00,16:06:00,5,2,2025,0,,,,,,,,,,,
5,6:53:00,18:30:00,6,2,2025,0,,,,,,,,,,,
5,6:02:00,17:04:00,7,2,2025,0,,,,,,,,,,,
5,6:09:00,16:33:00,10,2,2025,0,,,,,,,,,,,
5,6:31:00,16:45:00,11,2,2025,0,,,,,,,,,,,
5,6:13:00,18:56:00,12,2,2025,0,,,,,,,,,,,
5,6:23:00,17:12:00,13,2,2025,0,,,,,,,,,,,
5,6:11:00,17:14:00,14,2,2025,0,,,,,,,,,,,
5,6:07:00,16:34:00,17,2,2025,0,,,,,,,,,,,
5,6:37:00,17:51:00,18,2,2025,0,,,,,,,,,,,
5,6:05:00,17:28:00,19,2,2025,0,,,,,,,,,,,
5,6:13:00,18:52:00,20,2,2025,0,,,,,,,,,,,
5,6:48:00,16:57:00,21,2,2025,0,,,,,,,,,,,
5,6:09:00,16:11:00,24,2,2025,0,,,,,,,,,,,
5,6:01:00,17:50:00,25,2,2025,0,,,,,,,,,,,
5,6:23:00,16:05:00,26,2,2025,0,,,,,,,,,,,
5,6:44:00,16:01:00,27,2,2025,0,,,,,,,,,,,
5,6:16:00,17:52:00,28,2,2025,0,,,,,,,,,,,
5,6:34:00,16:41:00,3,3,2025,0,,,,,,,,,,,
5,6:15:00,18:20:00,4,3,2025,0,,,,,,,,,,,
5,6:05:00,16:18:00,5,3,2025,0,,,,,,,,,,,
5,6:31:00,18:14:00,6,3,2025,0,,,,,,,,,,,
5,6:14:00,17:45:00,7,3,2025,0,,,,,,,,,,,
5,6:39:00,17:53:00,10,3,2025,0,,,,,,,,,,,
5,6:18:00,17:53:00,11,3,2025,0,,,,,,,,,,,
5,6:03:00,16:52:00,12,3,2025,0,,,,,,,,,,,
5,6:51:00,18:31:00,13,3,2025,0,,,,,,,,,,,
5,6:02:00,16:58:00,14,3,2025,0,,,,,,,,,,,
5,6:26:00,16:20:00,17,3,2025,0,,,,,,,,,,,
5,6:02:00,18:19:00,18,3,2025,0,,,,,,,,,,,
5,6:39:00,18:02:00,19,3,2025,0,,,,,,,,,,,
5,7:00:00,18:52:00,20,3,2025,2,,,,,,,,,,,
5,6:00:00,17:19:00,21,3,2025,0,,,,,,,,,,,
5,6:47:00,18:59:00,24,3,2025,0,,,,,,,,,,,
5,6:53:00,17:24:00,25,3,2025,0,,,,,,,,,,,
5,6:11:00,17:28:00,26,3,2025,0,,,,,,,,,,,
5,6:50:00,16:48:00,27,3,2025,0,,,,,,,,,,,
5,6:47:00,16:02:00,28,3,2025,0,,,,,,,,,,,
5,6:02:00,16:43:00,31,3,2025,0,,,,,,,,,,,
6,6:49:00,18:32:00,3,2,2025,0,,,,,,,,,,,
6,6:34:00,16:07:00,4,2,2025,0,,,,,,,,,,,
6,6:26:00,18:13:00,5,2,2025,0,,,,,,,,,,,
6,6:16:00,16:51:00,6,2,2025,0,,,,,,,,,,,
6,6:09:00,16:47:00,7,2,2025,0,,,,,,,,,,,
6,6:56:00,17:51:00,10,2,2025,0,,,,,,,,,,,
6,6:29:00,18:09:00,11,2,2025,0,,,,,,,,,,,
6,6:03:00,16:24:00,12,2,2025,0,,,,,,,,,,,
6,6:53:00,18:49:00,13,2,2025,0,,,,,,,,,,,
6,6:08:00,18:25:00,14,2,2025,0,,,,,,,,,,,
6,6:54:00,16:31:00,17,2,2025,0,,,,,,,,,,,
6,6:53:00,16:38:00,18,2,2025,0,,,,,,,,,,,
6,6:28:00,16:18:00,19,2,2025,0,,,,,,,,,,,
6,6:05:00,17:29:00,20,2,2025,0,,,,,,,,,,,
6,6:04:00,17:00:00,21,2,2025,0,,,,,,,,,,,
6,6:47:00,18:08:00,24,2,2025,0,,,,,,,,,,,
6,6:59:00,16:11:00,25,2,2025,0,,,,,,,,,,,
6,6:20:00,18:40:00,26,2,2025,0,,,,,,,,,,,
6,6:18:00,16:31:00,27,2,2025,0,,,,,,,,,,,
6,6:39:00,16:38:00,28,2,2025,0,,,,,,,,,,,
6,6:52:00,18:31:00,3,3,2025,0,,,,,,,,,,,
6,6:01:00,17:13:00,4,3,2025,0,,,,,,,,,,,
6,6:17:00,18:11:00,5,3,2025,0,,,,,,,,,,,
6,6:24:00,16:45:00,6,3,2025,0,,,,,,,,,,,
6,6:26:00,18:14:00,7,3,2025,0,,,,,,,,,,,
6,6:55:00,18:20:00,10,3,2025,0,,,,,,,,,,,
6,6:23:00,16:51:00,11,3,2025,0,,,,,,,,,,,
6,6:31:00,16:52:00,12,3,2025,0,,,,,,,,,,,
6,6:18:00,17:26:00,13,3,2025,0,,,,,,,,,,,
6,6:30:00,18:38:00,14,3,2025,0,,,,,,,,,,,
6,,,17,3,2025,1,,,,,,,,,,,
6,6:27:00,16:12:00,18,3,2025,0,,,,,,,,,,,
6,6:39:00,17:01:00,19,3,2025,0,,,,,,,,,,,
6,6:05:00,16:10:00,20,3,2025,0,,,,,,,,,,,
6,6:29:00,17:46:00,21,3,2025,0,,,,,,,,,,,
6,8:53:00,16:26:00,24,3,2025,2,,,,,,,,,,,
6,6:15:00,18:02:00,25,3,2025,0,,,,,,,,,,,
6,6:54:00,17:06:00,26,3,2025,0,,,,,,,,,,,
6,6:35:00,16:31:00,27,3,2025,0,,,,,,,,,,,
6,6:25:00,16:13:00,28,3,2025,0,,,,,,,,,,,
6,6:05:00,17:06:00,31,3,2025,0,,,,,,,,,,,
7,7:45:00,16:00:00,3,2,2025,2,,,,,,,,,,,
7,6:43:00,16:14:00,4,2,2025,0,,,,,,,,,,,
7,6:37:00,17:31:00,5,2,2025,0,,,,,,,,,,,
7,6:19:00,16:56:00,6,2,2025,0,,,,,,,,,,,
7,6:37:00,16:07:00,7,2,2025,0,,,,,,,,,,,
7,6:33:00,16:44:00,10,2,2025,0,,,,,,,,,,,
7,6:26:00,18:22:00,11,2,2025,0,,,,,,,,,,,
7,6:14:00,17:27:00,12,2,2025,0,,,,,,,,,,,
7,6:58:00,18:29:00,13,2,2025,0,,,,,,,,,,,
7,6:33:00,17:44:00,14,2,2025,0,,,,,,,,,,,
7,6:50:00,16:10:00,17,2,2025,0,,,,,,,,,,,
7,6:37:00,17:11:00,18,2,2025,0,,,,,,,,,,,
7,6:43:00,18:13:00,19,2,2025,0,,,,,,,,,,,
7,6:33:00,17:45:00,20,2,2025,0,,,,,,,,,,,
7,6:13:00,16:54:00,21,2,2025,0,,,,,,,,,,,
7,6:13:00,16:04:00,24,2,2025,0,,,,,,,,,,,
7,6:23:00,17:06:00,25,2,2025,0,,,,,,,,,,,
7,6:34:00,17:48:00,26,2,2025,0,,,,,,,,,,,
7,6:50:00,17:28:00,27,2,2025,0,,,,,,,,,,,
7,6:38:00,18:22:00,28,2,2025,0,,,,,,,,,,,
7,6:56:00,17:46:00,3,3,2025,0,,,,,,,,,,,
7,6:43:00,18:34:00,4,3,2025,0,,,,,,,,,,,
7,6:16:00,16:06:00,5,3,2025,0,,,,,,,,,,,
7,6:41:00,18:21:00,6,3,2025,0,,,,,,,,,,,
7,6:42:00,17:04:00,7,3,2025,0,,,,,,,,,,,
7,6:50:00,17:27:00,10,3,2025,0,,,,,,,,,,,
7,6:51:00,18:23:00,11,3,2025,0,,,,,,,,,,,
7,,,12,3,2025,1,,,,,,,,,,,
7,6:26:00,17:44:00,13,3,2025,0,,,,,,,,,,,
7,6:47:00,17:30:00,14,3,2025,0,,,,,,,,,,,
7,6:12:00,18:44:00,17,3,2025,0,,,,,,,,,,,
7,6:30:00,18:21:00,18,3,2025,0,,,,,,,,,,,
7,6:29:00,17:33:00,19,3,2025,0,,,,,,,,,,,
7,6:53:00,16:46:00,20,3,2025,0,,,,,,,,,,,
7,6:02:00,16:23:00,21,3,2025,0,,,,,,,,,,,
7,6:33:00,17:55:00,24,3,2025,0,,,,,,,,,,,
7,6:33:00,16:47:00,25,3,2025,0,,,,,,,,,,,
7,6:20:00,17:33:00,26,3,2025,0,,,,,,,,,,,
7,6:49:00,17:25:00,27,3,2025,0,,,,,,,,,,,
7,6:31:00,17:33:00,28,3,2025,0,,,,,,,,,,,
7,6:24:00,16:55:00,31,3,2025,0,,,,,,,,,,,
8,6:24:00,17:41:00,3,2,2025,0,,,,,,,,,,,
8,6:25:00,18:26:00,4,2,2025,0,,,,,,,,,,,
8,6:28:00,17:29:00,5,2,2025,0,,,,,,,,,,,
8,6:39:00,16:14:00,6,2,2025,0,,,,,,,,,,,
8,6:42:00,18:41:00,7,2,2025,0,,,,,,,,,,,
8,6:32:00,17:14:00,10,2,2025,0,,,,,,,,,,,
8,6:07:00,16:54:00,11,2,2025,0,,,,,,,,,,,
8,6:21:00,16:49:00,12,2,2025,0,,,,,,,,,,,
8,6:26:00,16:58:00,13,2,2025,0,,,,,,,,,,,
8,6:26:00,17:52:00,14,2,2025,0,,,,,,,,,,,
8,6:57:00,17:02:00,17,2,2025,0,,,,,,,,,,,
8,6:41:00,17:27:00,18,2,2025,0,,,,,,,,,,,
8,6:25:00,18:01:00,19,2,2025,0,,,,,,,,,,,
8,6:46:00,17:13:00,20,2,2025,0,,,,,,,,,,,
8,6:53:00,18:34:00,21,2,2025,0,,,,,,,,,,,
8,6:10:00,18:16:00,24,2,2025,0,,,,,,,,,,,
8,6:29:00,17:17:00,25,2,2025,0,,,,,,,,,,,
8,6:47:00,17:44:00,26,2,2025,0,,,,,,,,,,,
8,6:32:00,18:02:00,27,2,2025,0,,,,,,,,,,,
8,6:50:00,16:36:00,28,2,2025,0,,,,,,,,,,,
8,6:01:00,18:30:00,3,3,2025,0,,,,,,,,,,,
8,6:17:00,18:16:00,4,3,2025,0,,,,,,,,,,,
8,6:20:00,16:43:00,5,3,2025,0,,,,,,,,,,,
8,6:32:00,18:44:00,6,3,2025,0,,,,,,,,,,,
8,6:00:00,17:19:00,7,3,2025,0,,,,,,,,,,,
8,6:55:00,16:17:00,10,3,2025,0,,,,,,,,,,,
8,6:25:00,17:23:00,11,3,2025,0,,,,,,,,,,,
8,6:53:00,16:01:00,12,3,2025,0,,,,,,,,,,,
8,6:15:00,18:45:00,13,3,2025,0,,,,,,,,,,,
8,6:57:00,17:20:00,14,3,2025,0,,,,,,,,,,,
8,6:33:00,16:34:00,17,3,2025,0,,,,,,,,,,,
8,6:05:00,18:30:00,18,3,2025,0,,,,,,,,,,,
8,,,19,3,2025,1,,,,,,,,,,,
8,6:14:00,18:58:00,20,3,2025,0,,,,,,,,,,,
8,6:00:00,16:04:00,21,3,2025,0,,,,,,,,,,,
8,6:24:00,18:56:00,24,3,2025,0,,,,,,,,,,,
8,6:01:00,17:16:00,25,3,2025,0,,,,,,,,,,,
8,6:48:00,16:27:00,26,3,2025,0,,,,,,,,,,,
8,6:46:00,17:11:00,27,3,2025,0,,,,,,,,,,,
8,6:53:00,17:33:00,28,3,2025,0,,,,,,,,,,,
8,6:10:00,16:39:00,31,3,2025,0,,,,,,,,,,,
9,6:58:00,16:21:00,3,2,2025,0,,,,,,,,,,,
9,6:19:00,17:47:00,4,2,2025,0,,,,,,,,,,,
9,6:44:00,18:11:00,5,2,2025,0,,,,,,,,,,,
9,6:02:00,18:28:00,6,2,2025,0,,,,,,,,,,,
9,6:23:00,17:17:00,7,2,2025,0,,,,,,,,,,,
9,6:41:00,18:38:00,10,2,2025,0,,,,,,,,,,,
9,6:16:00,16:06:00,11,2,2025,0,,,,,,,,,,,
9,6:32:00,17:03:00,12,2,2025,0,,,,,,,,,,,
9,6:49:00,17:57:00,13,2,2025,0,,,,,,,,,,,
9,6:58:00,18:15:00,14,2,2025,0,,,,,,,,,,,
9,6:30:00,16:45:00,17,2,2025,0,,,,,,,,,,,
9,6:15:00,18:34:00,18,2,2025,0,,,,,,,,,,,
9,6:03:00,16:38:00,19,2,2025,0,,,,,,,,,,,
9,7:44:00,17:44:00,20,2,2025,2,,,,,,,,,,,
9,6:06:00,16:32:00,21,2,2025,0,,,,,,,,,,,
9,6:03:00,17:49:00,24,2,2025,0,,,,,,,,,,,
9,6:53:00,16:16:00,25,2,2025,0,,,,,,,,,,,
9,6:50:00,18:26:00,26,2,2025,0,,,,,,,,,,,
9,6:39:00,18:38:00,27,2,2025,0,,,,,,,,,,,
9,,,28,2,2025,1,,,,,,,,,,,
9,6:47:00,17:51:00,3,3,2025,0,,,,,,,,,,,
9,,,4,3,2025,1,,,,,,,,,,,
9,6:54:00,18:37:00,5,3,2025,0,,,,,,,,,,,
9,6:56:00,17:54:00,6,3,2025,0,,,,,,,,,,,
9,7:27:00,18:21:00,7,3,2025,2,,,,,,,,,,,
9,6:58:00,17:16:00,10,3,2025,0,,,,,,,,,,,
9,6:22:00,18:25:00,11,3,2025,0,,,,,,,,,,,
9,6:08:00,18:58:00,12,3,2025,0,,,,,,,,,,,
9,6:54:00,17:56:00,13,3,2025,0,,,,,,,,,,,
9,6:21:00,16:54:00,14,3,2025,0,,,,,,,,,,,
9,6:32:00,16:15:00,17,3,2025,0,,,,,,,,,,,
9,6:06:00,18:43:00,18,3,2025,0,,,,,,,,,,,
9,6:34:00,18:29:00,19,3,2025,0,,,,,,,,,,,
9,6:29:00,16:38:00,20,3,2025,0,,,,,,,,,,,
9,6:22:00,17:16:00,21,3,2025,0,,,,,,,,,,,
9,6:10:00,17:09:00,24,3,2025,0,,,,,,,,,,,
9,6:09:00,17:03:00,25,3,2025,0,,,,,,,,,,,
9,6:21:00,17:46:00,26,3,2025,0,,,,,,,,,,,
9,6:36:00,17:44:00,27,3,2025,0,,,,,,,,,,,
9,6:46:00,17:58:00,28,3,2025,0,,,,,,,,,,,
9,6:38:00,16:37:00,31,3,2025,0,,,,,,,,,,,
10,6:06:00,16:29:00,3,2,2025,0,,,,,,,,,,,
10,6:03:00,18:19:00,4,2,2025,0,,,,,,,,,,,
10,6:38:00,16:47:00,5,2,2025,0,,,,,,,,,,,
10,6:57:00,17:38:00,6,2,2025,0,,,,,,,,,,,
10,6:20:00,18:39:00,7,2,2025,0,,,,,,,,,,,
10,6:47:00,17:29:00,10,2,2025,0,,,,,,,,,,,
10,6:23:00,18:09:00,11,2,2025,0,,,,,,,,,,,
10,6:52:00,16:28:00,12,2,2025,0,,,,,,,,,,,
10,,,13,2,2025,1,,,,,,,,,,,
10,6:39:00,16:02:00,14,2,2025,0,,,,,,,,,,,
10,6:24:00,17:03:00,17,2,2025,0,,,,,,,,,,,
10,6:39:00,17:13:00,18,2,2025,0,,,,,,,,,,,
10,6:51:00,18:11:00,19,2,2025,0,,,,,,,,,,,
10,6:51:00,17:19:00,20,2,2025,0,,,,,,,,,,,
10,6:10:00,18:08:00,21,2,2025,0,,,,,,,,,,,
10,6:58:00,18:51:00,24,2,2025,0,,,,,,,,,,,
10,6:23:00,17:52:00,25,2,2025,0,,,,,,,,,,,
10,6:00:00,17:40:00,26,2,2025,0,,,,,,,,,,,
10,8:44:00,17:40:00,27,2,2025,2,,,,,,,,,,,
10,6:19:00,18:59:00,28,2,2025,0,,,,,,,,,,,
10,6:15:00,18:11:00,3,3,2025,0,,,,,,,,,,,
10,6:13:00,17:40:00,4,3,2025,0,,,,,,,,,,,
10,6:46:00,16:36:00,5,3,2025,0,,,,,,,,,,,
10,6:00:00,17:07:00,6,3,2025,0,,,,,,,,,,,
10,6:52:00,16:41:00,7,3,2025,0,,,,,,,,,,,
10,6:12:00,18:38:00,10,3,2025,0,,,,,,,,,,,
10,6:31:00,17:03:00,11,3,2025,0,,,,,,,,,,,
10,6:08:00,18:59:00,12,3,2025,0,,,,,,,,,,,
10,6:57:00,18:10:00,13,3,2025,0,,,,,,,,,,,
10,6:27:00,17:21:00,14,3,2025,0,,,,,,,,,,,
10,6:19:00,17:21:00,17,3,2025,0,,,,,,,,,,,
10,6:41:00,17:50:00,18,3,2025,0,,,,,,,,,,,
10,6:03:00,18:35:00,19,3,2025,0,,,,,,,,,,,
10,6:47:00,17:56:00,20,3,2025,0,,,,,,,,,,,
10,6:29:00,17:52:00,21,3,2025,0,,,,,,,,,,,
10,6:14:00,16:38:00,24,3,2025,0,,,,,,,,,,,
10,6:55:00,18:20:00,25,3,2025,0,,,,,,,,,,,
10,6:37:00,17:32:00,26,3,2025,0,,,,,,,,,,,
10,6:00:00,17:26:00,27,3,2025,0,,,,,,,,,,,
10,6:46:00,18:18:00,28,3,2025,0,,,,,,,,,,,
10,6:22:00,16:51:00,31,3,2025,0,,,,,,,,,,,
11,6:01:00,18:58:00,3,2,2025,0,,,,,,,,,,,
11,6:40:00,17:03:00,4,2,2025,0,,,,,,,,,,,
11,6:20:00,18:16:00,5,2,2025,0,,,,,,,,,,,
11,6:08:00,16:42:00,6,2,2025,0,,,,,,,,,,,
11,6:00:00,16:11:00,7,2,2025,0,,,,,,,,,,,
11,6:43:00,16:50:00,10,2,2025,0,,,,,,,,,,,
11,6:16:00,17:41:00,11,2,2025,0,,,,,,,,,,,
11,6:57:00,18:20:00,12,2,2025,0,,,,,,,,,,,
11,6:14:00,16:55:00,13,2,2025,0,,,,,,,,,,,
11,6:40:00,18:55:00,14,2,2025,0,,,,,,,,,,,
11,6:58:00,17:13:00,17,2,2025,0,,,,,,,,,,,
11,6:08:00,18:06:00,18,2,2025,0,,,,,,,,,,,
11,6:10:00,16:38:00,19,2,2025,0,,,,,,,,,,,
11,6:06:00,18:56:00,20,2,2025,0,,,,,,,,,,,
11,7:18:00,18:39:00,21,2,2025,2,,,,,,,,,,,
11,6:20:00,17:43:00,24,2,2025,0,,,,,,,,,,,
11,6:15:00,16:56:00,25,2,2025,0,,,,,,,,,,,
11,6:04:00,17:09:00,26,2,2025,0,,,,,,,,,,,
11,6:08:00,18:43:00,27,2,2025,0,,,,,,,,,,,
11,6:57:00,16:35:00,28,2,2025,0,,,,,,,,,,,
11,6:10:00,17:47:00,3,3,2025,0,,,,,,,,,,,
11,6:16:00,16:21:00,4,3,2025,0,,,,,,,,,,,
11,6:59:00,17:28:00,5,3,2025,0,,,,,,,,,,,
11,6:08:00,18:54:00,6,3,2025,0,,,,,,,,,,,
11,6:06:00,16:05:00,7,3,2025,0,,,,,,,,,,,
11,6:03:00,16:58:00,10,3,2025,0,,,,,,,,,,,
11,6:39:00,18:21:00,11,3,2025,0,,,,,,,,,,,
11,6:41:00,18:53:00,12,3,2025,0,,,,,,,,,,,
11,6:43:00,16:25:00,13,3,2025,0,,,,,,,,,,,
11,6:16:00,16:06:00,14,3,2025,0,,,,,,,,,,,
11,6:05:00,17:27:00,17,3,2025,0,,,,,,,,,,,
11,6:38:00,17:21:00,18,3,2025,0,,,,,,,,,,,
11,6:40:00,16:12:00,19,3,2025,0,,,,,,,,,,,
11,6:56:00,16:57:00,20,3,2025,0,,,,,,,,,,,
11,6:08:00,17:36:00,21,3,2025,0,,,,,,,,,,,
11,7:15:00,18:18:00,24,3,2025,2,,,,,,,,,,,
11,6:41:00,16:21:00,25,3,2025,0,,,,,,,,,,,
11,6:05:00,18:10:00,26,3,2025,0,,,,,,,,,,,
11,6:59:00,17:31:00,27,3,2025,0,,,,,,,,,,,
11,6:25:00,17:17:00,28,3,2025,0,,,,,,,,,,,
11,6:58:00,18:43:00,31,3,2025,0,,,,,,,,,,,
12,6:39:00,16:02:00,3,2,2025,0,,,,,,,,,,,
12,6:47:00,17:34:00,4,2,2025,0,,,,,,,,,,,
12,6:50:00,16:53:00,5,2,2025,0,,,,,,,,,,,
12,6:39:00,18:47:00,6,2,2025,0,,,,,,,,,,,
12,6:50:00,16:50:00,7,2,2025,0,,,,,,,,,,,
12,6:36:00,16:47:00,10,2,2025,0,,,,,,,,,,,
12,6:22:00,17:11:00,11,2,2025,0,,,,,,,,,,,
12,6:27:00,17:25:00,12,2,2025,0,,,,,,,,,,,
12,6:39:00,17:28:00,13,2,2025,0,,,,,,,,,,,
12,6:47:00,17:49:00,14,2,2025,0,,,,,,,,,,,
12,6:41:00,17:14:00,17,2,2025,0,,,,,,,,,,,
12,6:40:00,17:14:00,18,2,2025,0,,,,,,,,,,,
12,6:52:00,18:18:00,19,2,2025,0,,,,,,,,,,,
12,6:45:00,17:58:00,20,2,2025,0,,,,,,,,,,,
12,6:14:00,18:53:00,21,2,2025,0,,,,,,,,,,,
12,6:44:00,16:36:00,24,2,2025,0,,,,,,,,,,,
12,6:34:00,18:11:00,25,2,2025,0,,,,,,,,,,,
12,6:44:00,16:30:00,26,2,2025,0,,,,,,,,,,,
12,6:55:00,16:08:00,27,2,2025,0,,,,,,,,,,,
12,6:12:00,16:29:00,28,2,2025,0,,,,,,,,,,,
12,6:01:00,17:27:00,3,3,2025,0,,,,,,,,,,,
12,6:54:00,16:44:00,4,3,2025,0,,,,,,,,,,,
12,6:43:00,17:27:00,5,3,2025,0,,,,,,,,,,,
12,6:25:00,17:45:00,6,3,2025,0,,,,,,,,,,,
12,6:41:00,17:41:00,7,3,2025,0,,,,,,,,,,,
12,6:26:00,16:34:00,10,3,2025,0,,,,,,,,,,,
12,6:29:00,17:31:00,11,3,2025,0,,,,,,,,,,,
12,6:23:00,18:05:00,12,3,2025,0,,,,,,,,,,,
12,6:29:00,16:23:00,13,3,2025,0,,,,,,,,,,,
12,6:40:00,16:59:00,14,3,2025,0,,,,,,,,,,,
12,6:47:00,17:26:00,17,3,2025,0,,,,,,,,,,,
12,6:12:00,16:35:00,18,3,2025,0,,,,,,,,,,,
12,,,19,3,2025,1,,,,,,,,,,,
12,6:46:00,16:29:00,20,3,2025,0,,,,,,,,,,,
12,6:22:00,18:53:00,21,3,2025,0,,,,,,,,,,,
12,6:51:00,17:51:00,24,3,2025,0,,,,,,,,,,,
12,6:21:00,18:32:00,25,3,2025,0,,,,,,,,,,,
12,6:53:00,18:03:00,26,3,2025,0,,,,,,,,,,,
12,6:17:00,16:45:00,27,3,2025,0,,,,,,,,,,,
12,6:31:00,18:21:00,28,3,2025,0,,,,,,,,,,,
12,6:57:00,17:50:00,31,3,2025,0,,,,,,,,,,,
13,6:46:00,18:15:00,3,2,2025,0,,,,,,,,,,,
13,6:27:00,17:27:00,4,2,2025,0,,,,,,,,,,,
13,6:47:00,16:55:00,5,2,2025,0,,,,,,,,,,,
13,6:33:00,17:03:00,6,2,2025,0,,,,,,,,,,,
13,7:59:00,18:55:00,7,2,2025,2,,,,,,,,,,,
13,6:22:00,17:18:00,10,2,2025,0,,,,,,,,,,,
13,6:01:00,16:55:00,11,2,2025,0,,,,,,,,,,,
13,6:08:00,16:08:00,12,2,2025,0,,,,,,,,,,,
13,,,13,2,2025,1,,,,,,,,,,,
13,6:14:00,17:27:00,14,2,2025,0,,,,,,,,,,,
13,6:14:00,16:22:00,17,2,2025,0,,,,,,,,,,,
13,6:51:00,16:47:00,18,2,2025,0,,,,,,,,,,,
13,6:08:00,18:44:00,19,2,2025,0,,,,,,,,,,,
13,6:06:00,16:10:00,20,2,2025,0,,,,,,,,,,,
13,6:45:00,18:52:00,21,2,2025,0,,,,,,,,,,,
13,6:19:00,18:09:00,24,2,2025,0,,,,,,,,,,,
13,6:52:00,16:45:00,25,2,2025,0,,,,,,,,,,,
13,6:41:00,18:05:00,26,2,2025,0,,,,,,,,,,,
13,6:25:00,18:54:00,27,2,2025,0,,,,,,,,,,,
13,6:08:00,17:46:00,28,2,2025,0,,,,,,,,,,,
13,6:38:00,17:02:00,3,3,2025,0,,,,,,,,,,,
13,6:32:00,18:50:00,4,3,2025,0,,,,,,,,,,,
13,6:45:00,16:06:00,5,3,2025,0,,,,,,,,,,,
13,6:10:00,18:56:00,6,3,2025,0,,,,,,,,,,,
13,6:29:00,16:29:00,7,3,2025,0,,,,,,,,,,,
13,6:13:00,18:51:00,10,3,2025,0,,,,,,,,,,,
13,6:20:00,16:06:00,11,3,2025,0,,,,,,,,,,,
13,6:55:00,17:14:00,12,3,2025,0,,,,,,,,,,,
13,6:07:00,16:18:00,13,3,2025,0,,,,,,,,,,,
13,6:33:00,17:45:00,14,3,2025,0,,,,,,,,,,,
13,8:08:00,16:42:00,17,3,2025,2,,,,,,,,,,,
13,6:53:00,17:35:00,18,3,2025,0,,,,,,,,,,,
13,6:36:00,17:26:00,19,3,2025,0,,,,,,,,,,,
13,6:40:00,16:46:00,20,3,2025,0,,,,,,,,,,,
13,6:08:00,16:15:00,21,3,2025,0,,,,,,,,,,,
13,6:00:00,18:56:00,24,3,2025,0,,,,,,,,,,,
13,6:57:00,18:10:00,25,3,2025,0,,,,,,,,,,,
13,6:55:00,17:34:00,26,3,2025,0,,,,,,,,,,,
13,6:16:00,16:10:00,27,3,2025,0,,,,,,,,,,,
13,6:19:00,16:06:00,28,3,2025,0,,,,,,,,,,,
13,6:48:00,16:34:00,31,3,2025,0,,,,,,,,,,,
14,6:34:00,16:25:00,3,2,2025,0,,,,,,,,,,,
14,6:49:00,17:35:00,4,2,2025,0,,,,,,,,,,,
14,6:58:00,18:26:00,5,2,2025,0,,,,,,,,,,,
14,6:37:00,16:16:00,6,2,2025,0,,,,,,,,,,,
14,6:57:00,17:35:00,7,2,2025,0,,,,,,,,,,,
14,,,10,2,2025,1,,,,,,,,,,,
14,6:06:00,18:32:00,11,2,2025,0,,,,,,,,,,,
14,6:28:00,16:26:00,12,2,2025,0,,,,,,,,,,,
14,6:07:00,16:28:00,13,2,2025,0,,,,,,,,,,,
14,6:58:00,16:19:00,14,2,2025,0,,,,,,,,,,,
14,6:59:00,17:46:00,17,2,2025,0,,,,,,,,,,,
14,6:16:00,18:47:00,18,2,2025,0,,,,,,,,,,,
14,6:26:00,17:16:00,19,2,2025,0,,,,,,,,,,,
14,6:46:00,16:52:00,20,2,2025,0,,,,,,,,,,,
14,6:50:00,18:44:00,21,2,2025,0,,,,,,,,,,,
14,6:49:00,18:29:00,24,2,2025,0,,,,,,,,,,,
14,8:14:00,18:20:00,25,2,2025,2,,,,,,,,,,,
14,6:55:00,16:41:00,26,2,2025,0,,,,,,,,,,,
14,6:31:00,17:49:00,27,2,2025,0,,,,,,,,,,,
14,6:02:00,18:37:00,28,2,2025,0,,,,,,,,,,,
14,6:03:00,18:32:00,3,3,2025,0,,,,,,,,,,,
14,6:25:00,18:01:00,4,3,2025,0,,,,,,,,,,,
14,6:53:00,17:35:00,5,3,2025,0,,,,,,,,,,,
14,6:19:00,16:38:00,6,3,2025,0,,,,,,,,,,,
14,6:30:00,16:31:00,7,3,2025,0,,,,,,,,,,,
14,6:30:00,17:51:00,10,3,2025,0,,,,,,,,,,,
14,6:48:00,17:27:00,11,3,2025,0,,,,,,,,,,,
14,6:07:00,18:15:00,12,3,2025,0,,,,,,,,,,,
14,6:58:00,16:23:00,13,3,2025,0,,,,,,,,,,,
14,6:17:00,18:06:00,14,3,2025,0,,,,,,,,,,,
14,6:43:00,18:10:00,17,3,2025,0,,,,,,,,,,,
14,6:36:00,18:44:00,18,3,2025,0,,,,,,,,,,,
14,6:38:00,17:00:00,19,3,2025,0,,,,,,,,,,,
14,6:08:00,18:40:00,20,3,2025,0,,,,,,,,,,,
14,6:43:00,16:23:00,21,3,2025,0,,,,,,,,,,,
14,6:47:00,18:10:00,24,3,2025,0,,,,,,,,,,,
14,6:36:00,16:02:00,25,3,2025,0,,,,,,,,,,,
14,6:50:00,16:58:00,26,3,2025,0,,,,,,,,,,,
14,6:14:00,16:15:00,27,3,2025,0,,,,,,,,,,,
14,6:50:00,18:38:00,28,3,2025,0,,,,,,,,,,,
14,6:58:00,16:19:00,31,3,2025,0,,,,,,,,,,,
15,6:38:00,16:28:00,3,2,2025,0,,,,,,,,,,,
15,6:05:00,16:38:00,4,2,2025,0,,,,,,,,,,,
15,6:36:00,16:54:00,5,2,2025,0,,,,,,,,,,,
15,6:09:00,16:32:00,6,2,2025,0,,,,,,,,,,,
15,6:08:00,16:17:00,7,2,2025,0,,,,,,,,,,,
15,6:31:00,16:19:00,10,2,2025,0,,,,,,,,,,,
15,6:24:00,16:09:00,11,2,2025,0,,,,,,,,,,,
15,6:23:00,17:11:00,12,2,2025,0,,,,,,,,,,,
15,6:56:00,18:48:00,13,2,2025,0,,,,,,,,,,,
15,6:36:00,17:30:00,14,2,2025,0,,,,,,,,,,,
15,6:05:00,17:13:00,17,2,2025,0,,,,,,,,,,,
15,8:41:00,18:25:00,18,2,2025,2,,,,,,,,,,,
15,6:04:00,17:34:00,19,2,2025,0,,,,,,,,,,,
15,6:14:00,17:12:00,20,2,2025,0,,,,,,,,,,,
15,6:21:00,18:59:00,21,2,2025,0,,,,,,,,,,,
15,6:37:00,18:11:00,24,2,2025,0,,,,,,,,,,,
15,6:40:00,17:10:00,25,2,2025,0,,,,,,,,,,,
15,6:17:00,18:49:00,26,2,2025,0,,,,,,,,,,,
15,6:52:00,18:15:00,27,2,2025,0,,,,,,,,,,,
15,6:59:00,18:15:00,28,2,2025,0,,,,,,,,,,,
15,6:55:00,17:08:00,3,3,2025,0,,,,,,,,,,,
15,6:06:00,18:46:00,4,3,2025,0,,,,,,,,,,,
15,6:40:00,18:02:00,5,3,2025,0,,,,,,,,,,,
15,6:02:00,18:14:00,6,3,2025,0,,,,,,,,,,,
15,6:15:00,18:20:00,7,3,2025,0,,,,,,,,,,,
15,6:39:00,17:52:00,10,3,2025,0,,,,,,,,,,,
15,6:51:00,18:04:00,11,3,2025,0,,,,,,,,,,,
15,6:58:00,18:26:00,12,3,2025,0,,,,,,,,,,,
15,6:30:00,18:22:00,13,3,2025,0,,,,,,,,,,,
15,6:10:00,16:11:00,14,3,2025,0,,,,,,,,,,,
15,6:26:00,16:53:00,17,3,2025,0,,,,,,,,,,,
15,8:45:00,18:13:00,18,3,2025,2,,,,,,,,,,,
15,6:40:00,16:51:00,19,3,2025,0,,,,,,,,,,,
15,6:42:00,16:49:00,20,3,2025,0,,,,,,,,,,,
15,6:31:00,17:51:00,21,3,2025,0,,,,,,,,,,,
15,6:47:00,16:14:00,24,3,2025,0,,,,,,,,,,,
15,6:20:00,16:31:00,25,3,2025,0,,,,,,,,,,,
15,6:07:00,16:27:00,26,3,2025,0,,,,,,,,,,,
15,6:35:00,18:53:00,27,3,2025,0,,,,,,,,,,,
15,6:22:00,18:03:00,28,3,2025,0,,,,,,,,,,,
15,6:11:00,17:09:00,31,3,2025,0,,,,,,,,,,,
16,6:01:00,18:18:00,3,2,2025,0,,,,,,,,,,,
16,6:59:00,16:16:00,4,2,2025,0,,,,,,,,,,,
16,6:12:00,16:54:00,5,2,2025,0,,,,,,,,,,,
16,6:51:00,17:43:00,6,2,2025,0,,,,,,,,,,,
16,7:10:00,16:53:00,7,2,2025,2,,,,,,,,,,,
16,6:18:00,16:37:00,10,2,2025,0,,,,,,,,,,,
16,6:57:00,18:07:00,11,2,2025,0,,,,,,,,,,,
16,6:18:00,18:36:00,12,2,2025,0,,,,,,,,,,,
16,6:33:00,18:41:00,13,2,2025,0,,,,,,,,,,,
16,6:36:00,16:11:00,14,2,2025,0,,,,,,,,,,,
16,6:07:00,17:16:00,17,2,2025,0,,,,,,,,,,,
16,6:07:00,18:11:00,18,2,2025,0,,,,,,,,,,,
16,6:30:00,16:27:00,19,2,2025,0,,,,,,,,,,,
16,6:29:00,18:00:00,20,2,2025,0,,,,,,,,,,,
16,,,21,2,2025,1,,,,,,,,,,,
16,6:09:00,18:30:00,24,2,2025,0,,,,,,,,,,,
16,6:08:00,17:15:00,25,2,2025,0,,,,,,,,,,,
16,6:21:00,17:05:00,26,2,2025,0,,,,,,,,,,,
16,6:00:00,17:02:00,27,2,2025,0,,,,,,,,,,,
16,6:53:00,18:54:00,28,2,2025,0,,,,,,,,,,,
16,6:33:00,16:46:00,3,3,2025,0,,,,,,,,,,,
16,6:33:00,18:37:00,4,3,2025,0,,,,,,,,,,,
16,6:24:00,17:50:00,5,3,2025,0,,,,,,,,,,,
16,6:51:00,16:35:00,6,3,2025,0,,,,,,,,,,,
16,6:08:00,16:39:00,7,3,2025,0,,,,,,,,,,,
16,6:49:00,16:30:00,10,3,2025,0,,,,,,,,,,,
16,6:37:00,18:14:00,11,3,2025,0,,,,,,,,,,,
16,6:55:00,18:10:00,12,3,2025,0,,,,,,,,,,,
16,6:34:00,18:19:00,13,3,2025,0,,,,,,,,,,,
16,8:50:00,17:56:00,14,3,2025,2,,,,,,,,,,,
16,6:34:00,18:00:00,17,3,2025,0,,,,,,,,,,,
16,6:25:00,16:35:00,18,3,2025,0,,,,,,,,,,,
16,6:45:00,18:35:00,19,3,2025,0,,,,,,,,,,,
16,6:28:00,18:22:00,20,3,2025,0,,,,,,,,,,,
16,6:53:00,17:00:00,21,3,2025,0,,,,,,,,,,,
16,6:00:00,18:48:00,24,3,2025,0,,,,,,,,,,,
16,6:07:00,18:01:00,25,3,2025,0,,,,,,,,,,,
16,6:59:00,18:23:00,26,3,2025,0,,,,,,,,,,,
16,6:56:00,16:52:00,27,3,2025,0,,,,,,,,,,,
16,6:03:00,17:44:00,28,3,2025,0,,,,,,,,,,,
16,,,31,3,2025,1,,,,,,,,,,,
17,7:25:00,17:10:00,3,2,2025,2,,,,,,,,,,,
17,6:50:00,18:13:00,4,2,2025,0,,,,,,,,,,,
17,6:43:00,17:19:00,5,2,2025,0,,,,,,,,,,,
17,6:07:00,18:26:00,6,2,2025,0,,,,,,,,,,,
17,6:57:00,17:52:00,7,2,2025,0,,,,,,,,,,,
17,6:55:00,17:38:00,10,2,2025,0,,,,,,,,,,,
17,6:53:00,18:51:00,11,2,2025,0,,,,,,,,,,,
17,6:34:00,17:12:00,12,2,2025,0,,,,,,,,,,,
17,6:07:00,16:44:00,13,2,2025,0,,,,,,,,,,,
17,6:03:00,16:23:00,14,2,2025,0,,,,,,,,,,,
17,6:10:00,18:22:00,17,2,2025,0,,,,,,,,,,,
17,6:18:00,17:05:00,18,2,2025,0,,,,,,,,,,,
17,6:55:00,17:03:00,19,2,2025,0,,,,,,,,,,,
17,6:49:00,16:38:00,20,2,2025,0,,,,,,,,,,,
17,,,21,2,2025,1,,,,,,,,,,,
17,6:43:00,17:46:00,24,2,2025,0,,,,,,,,,,,
17,6:59:00,18:02:00,25,2,2025,0,,,,,,,,,,,
17,6:03:00,16:16:00,26,2,2025,0,,,,,,,,,,,
17,6:09:00,18:42:00,27,2,2025,0,,,,,,,,,,,
17,6:41:00,16:05:00,28,2,2025,0,,,,,,,,,,,
17,6:44:00,18:25:00,3,3,2025,0,,,,,,,,,,,
17,6:51:00,18:46:00,4,3,2025,0,,,,,,,,,,,
17,6:48:00,17:34:00,5,3,2025,0,,,,,,,,,,,
17,6:02:00,17:14:00,6,3,2025,0,,,,,,,,,,,
17,6:09:00,16:59:00,7,3,2025,0,,,,,,,,,,,
17,6:48:00,18:21:00,10,3,2025,0,,,,,,,,,,,
17,6:49:00,16:31:00,11,3,2025,0,,,,,,,,,,,
17,8:26:00,16:38:00,12,3,2025,2,,,,,,,,,,,
17,6:35:00,17:11:00,13,3,2025,0,,,,,,,,,,,
17,,,14,3,2025,1,,,,,,,,,,,
17,6:18:00,16:06:00,17,3,2025,0,,,,,,,,,,,
17,6:36:00,16:15:00,18,3,2025,0,,,,,,,,,,,
17,6:59:00,17:15:00,19,3,2025,0,,,,,,,,,,,
17,6:21:00,18:18:00,20,3,2025,0,,,,,,,,,,,
17,6:52:00,17:18:00,21,3,2025,0,,,,,,,,,,,
17,6:41:00,17:10:00,24,3,2025,0,,,,,,,,,,,
17,6:39:00,16:09:00,25,3,2025,0,,,,,,,,,,,
17,6:12:00,16:07:00,26,3,2025,0,,,,,,,,,,,
17,6:06:00,17:17:00,27,3,2025,0,,,,,,,,,,,
17,6:32:00,18:29:00,28,3,2025,0,,,,,,,,,,,
17,6:46:00,16:45:00,31,3,2025,0,,,,,,,,,,,
18,6:25:00,18:56:00,3,2,2025,0,,,,,,,,,,,
18,6:41:00,17:11:00,4,2,2025,0,,,,,,,,,,,
18,6:57:00,18:53:00,5,2,2025,0,,,,,,,,,,,
18,6:46:00,17:08:00,6,2,2025,0,,,,,,,,,,,
18,6:53:00,18:15:00,7,2,2025,0,,,,,,,,,,,
18,6:44:00,16:33:00,10,2,2025,0,,,,,,,,,,,
18,6:12:00,17:48:00,11,2,2025,0,,,,,,,,,,,
18,6:47:00,17:25:00,12,2,2025,0,,,,,,,,,,,
18,6:50:00,16:05:00,13,2,2025,0,,,,,,,,,,,
18,6:26:00,16:21:00,14,2,2025,0,,,,,,,,,,,
18,6:08:00,18:57:00,17,2,2025,0,,,,,,,,,,,
18,6:06:00,16:13:00,18,2,2025,0,,,,,,,,,,,
18,6:49:00,17:32:00,19,2,2025,0,,,,,,,,,,,
18,6:11:00,17:03:00,20,2,2025,0,,,,,,,,,,,
18,6:10:00,16:54:00,21,2,2025,0,,,,,,,,,,,
18,6:20:00,16:26:00,24,2,2025,0,,,,,,,,,,,
18,6:36:00,17:30:00,25,2,2025,0,,,,,,,,,,,
18,6:51:00,16:17:00,26,2,2025,0,,,,,,,,,,,
18,6:37:00,18:08:00,27,2,2025,0,,,,,,,,,,,
18,7:45:00,18:11:00,28,2,2025,2,,,,,,,,,,,
18,6:27:00,17:47:00,3,3,2025,0,,,,,,,,,,,
18,6:52:00,18:51:00,4,3,2025,0,,,,,,,,,,,
18,6:06:00,16:43:00,5,3,2025,0,,,,,,,,,,,
18,6:00:00,18:08:00,6,3,2025,0,,,,,,,,,,,
18,6:12:00,18:51:00,7,3,2025,0,,,,,,,,,,,
18,6:33:00,17:42:00,10,3,2025,0,,,,,,,,,,,
18,6:16:00,18:46:00,11,3,2025,0,,,,,,,,,,,
18,6:58:00,17:41:00,12,3,2025,0,,,,,,,,,,,
18,6:38:00,18:50:00,13,3,2025,0,,,,,,,,,,,
18,6:21:00,18:46:00,14,3,2025,0,,,,,,,,,,,
18,6:07:00,18:09:00,17,3,2025,0,,,,,,,,,,,
18,6:12:00,17:41:00,18,3,2025,0,,,,,,,,,,,
18,6:23:00,18:56:00,19,3,2025,0,,,,,,,,,,,
18,6:08:00,18:41:00,20,3,2025,0,,,,,,,,,,,
18,6:48:00,16:46:00,21,3,2025,0,,,,,,,,,,,
18,6:10:00,16:34:00,24,3,2025,0,,,,,,,,,,,
18,6:47:00,16:50:00,25,3,2025,0,,,,,,,,,,,
18,6:09:00,18:13:00,26,3,2025,0,,,,,,,,,,,
18,6:09:00,17:24:00,27,3,2025,0,,,,,,,,,,,
18,6:26:00,17:41:00,28,3,2025,0,,,,,,,,,,,
18,6:13:00,16:02:00,31,3,2025,0,,,,,,,,,,,
19,6:15:00,18:33:00,3,2,2025,0,,,,,,,,,,,
19,6:27:00,16:13:00,4,2,2025,0,,,,,,,,,,,
19,6:31:00,16:02:00,5,2,2025,0,,,,,,,,,,,
19,6:08:00,17:02:00,6,2,2025,0,,,,,,,,,,,
19,6:33:00,16:37:00,7,2,2025,0,,,,,,,,,,,
19,6:20:00,16:07:00,10,2,2025,0,,,,,,,,,,,
19,6:02:00,17:54:00,11,2,2025,0,,,,,,,,,,,
19,6:44:00,16:41:00,12,2,2025,0,,,,,,,,,,,
19,6:19:00,17:18:00,13,2,2025,0,,,,,,,,,,,
19,6:19:00,18:07:00,14,2,2025,0,,,,,,,,,,,
19,6:22:00,16:46:00,17,2,2025,0,,,,,,,,,,,
19,6:25:00,16:03:00,18,2,2025,0,,,,,,,,,,,
19,6:53:00,16:30:00,19,2,2025,0,,,,,,,,,,,
19,6:05:00,16:00:00,20,2,2025,0,,,,,,,,,,,
19,6:33:00,16:51:00,21,2,2025,0,,,,,,,,,,,
19,6:58:00,16:43:00,24,2,2025,0,,,,,,,,,,,
19,7:33:00,18:59:00,25,2,2025,2,,,,,,,,,,,
19,6:43:00,18:35:00,26,2,2025,0,,,,,,,,,,,
19,6:51:00,16:09:00,27,2,2025,0,,,,,,,,,,,
19,6:32:00,18:42:00,28,2,2025,0,,,,,,,,,,,
19,6:51:00,18:48:00,3,3,2025,0,,,,,,,,,,,
19,6:35:00,16:25:00,4,3,2025,0,,,,,,,,,,,
19,6:36:00,18:41:00,5,3,2025,0,,,,,,,,,,,
19,6:35:00,16:22:00,6,3,2025,0,,,,,,,,,,,
19,8:31:00,16:58:00,7,3,2025,2,,,,,,,,,,,
19,6:01:00,18:43:00,10,3,2025,0,,,,,,,,,,,
19,6:56:00,17:24:00,11,3,2025,0,,,,,,,,,,,
19,6:48:00,16:34:00,12,3,2025,0,,,,,,,,,,,
19,6:39:00,16:35:00,13,3,2025,0,,,,,,,,,,,
19,6:40:00,16:57:00,14,3,2025,0,,,,,,,,,,,
19,6:42:00,18:08:00,17,3,2025,0,,,,,,,,,,,
19,6:23:00,16:12:00,18,3,2025,0,,,,,,,,,,,
19,6:20:00,18:17:00,19,3,2025,0,,,,,,,,,,,
19,6:02:00,18:45:00,20,3,2025,0,,,,,,,,,,,
19,6:34:00,17:59:00,21,3,2025,0,,,,,,,,,,,
19,6:53:00,17:40:00,24,3,2025,0,,,,,,,,,,,
19,6:20:00,17:47:00,25,3,2025,0,,,,,,,,,,,
19,6:53:00,17:20:00,26,3,2025,0,,,,,,,,,,,
19,6:04:00,16:29:00,27,3,2025,0,,,,,,,,,,,
19,6:09:00,17:47:00,28,3,2025,0,,,,,,,,,,,
19,6:50:00,16:01:00,31,3,2025,0,,,,,,,,,,,
20,6:46:00,18:20:00,3,2,2025,0,,,,,,,,,,,
20,6:15:00,16:49:00,4,2,2025,0,,,,,,,,,,,
20,6:52:00,18:38:00,5,2,2025,0,,,,,,,,,,,
20,6:32:00,18:15:00,6,2,2025,0,,,,,,,,,,,
20,6:36:00,16:26:00,7,2,2025,0,,,,,,,,,,,
20,6:55:00,16:56:00,10,2,2025,0,,,,,,,,,,,
20,,,11,2,2025,1,,,,,,,,,,,
20,6:41:00,17:59:00,12,2,2025,0,,,,,,,,,,,
20,6:12:00,17:24:00,13,2,2025,0,,,,,,,,,,,
20,6:54:00,18:50:00,14,2,2025,0,,,,,,,,,,,
20,6:32:00,17:39:00,17,2,2025,0,,,,,,,,,,,
20,6:51:00,16:59:00,18,2,2025,0,,,,,,,,,,,
20,6:44:00,16:18:00,19,2,2025,0,,,,,,,,,,,
20,6:39:00,18:33:00,20,2,2025,0,,,,,,,,,,,
20,6:56:00,17:20:00,21,2,2025,0,,,,,,,,,,,
20,6:38:00,17:36:00,24,2,2025,0,,,,,,,,,,,
20,6:43:00,17:43:00,25,2,2025,0,,,,,,,,,,,
20,6:21:00,17:05:00,26,2,2025,0,,,,,,,,,,,
20,6:00:00,18:17:00,27,2,2025,0,,,,,,,,,,,
20,6:57:00,18:12:00,28,2,2025,0,,,,,,,,,,,
20,,,3,3,2025,1,,,,,,,,,,,
20,6:18:00,18:00:00,4,3,2025,0,,,,,,,,,,,
20,6:38:00,18:34:00,5,3,2025,0,,,,,,,,,,,
20,6:09:00,16:32:00,6,3,2025,0,,,,,,,,,,,
20,6:12:00,17:53:00,7,3,2025,0,,,,,,,,,,,
20,6:13:00,17:49:00,10,3,2025,0,,,,,,,,,,,
20,6:00:00,18:10:00,11,3,2025,0,,,,,,,,,,,
20,6:37:00,18:10:00,12,3,2025,0,,,,,,,,,,,
20,6:47:00,16:26:00,13,3,2025,0,,,,,,,,,,,
20,6:30:00,18:44:00,14,3,2025,0,,,,,,,,,,,
20,8:05:00,17:56:00,17,3,2025,2,,,,,,,,,,,
20,6:42:00,16:16:00,18,3,2025,0,,,,,,,,,,,
20,6:52:00,16:28:00,19,3,2025,0,,,,,,,,,,,
20,6:25:00,16:57:00,20,3,2025,0,,,,,,,,,,,
20,6:52:00,17:53:00,21,3,2025,0,,,,,,,,,,,
20,6:39:00,18:50:00,24,3,2025,0,,,,,,,,,,,
20,6:52:00,17:43:00,25,3,2025,0,,,,,,,,,,,
20,6:32:00,18:41:00,26,3,2025,0,,,,,,,,,,,
20,6:23:00,17:57:00,27,3,2025,0,,,,,,,,,,,
20,6:10:00,18:29:00,28,3,2025,0,,,,,,,,,,,
20,6:13:00,17:12:00,31,3,2025,0,,,,,,,,,,,
21,6:55:00,16:17:00,3,2,2025,0,,,,,,,,,,,
21,6:04:00,18:34:00,4,2,2025,0,,,,,,,,,,,
21,,,5,2,2025,1,,,,,,,,,,,
21,6:11:00,16:12:00,6,2,2025,0,,,,,,,,,,,
21,6:03:00,18:40:00,7,2,2025,0,,,,,,,,,,,
21,6:07:00,17:02:00,10,2,2025,0,,,,,,,,,,,
21,6:04:00,17:29:00,11,2,2025,0,,,,,,,,,,,
21,6:49:00,17:20:00,12,2,2025,0,,,,,,,,,,,
21,6:07:00,16:01:00,13,2,2025,0,,,,,,,,,,,
21,6:24:00,17:03:00,14,2,2025,0,,,,,,,,,,,
21,6:22:00,18:22:00,17,2,2025,0,,,,,,,,,,,
21,6:28:00,17:24:00,18,2,2025,0,,,,,,,,,,,
21,6:05:00,16:19:00,19,2,2025,0,,,,,,,,,,,
21,6:28:00,17:13:00,20,2,2025,0,,,,,,,,,,,
21,6:53:00,18:47:00,21,2,2025,0,,,,,,,,,,,
21,6:03:00,16:19:00,24,2,2025,0,,,,,,,,,,,
21,6:46:00,18:30:00,25,2,2025,0,,,,,,,,,,,
21,6:33:00,16:37:00,26,2,2025,0,,,,,,,,,,,
21,6:05:00,16:32:00,27,2,2025,0,,,,,,,,,,,
21,6:36:00,18:51:00,28,2,2025,0,,,,,,,,,,,
21,6:00:00,17:09:00,3,3,2025,0,,,,,,,,,,,
21,6:13:00,17:37:00,4,3,2025,0,,,,,,,,,,,
21,6:40:00,17:00:00,5,3,2025,0,,,,,,,,,,,
21,6:34:00,18:11:00,6,3,2025,0,,,,,,,,,,,
21,6:51:00,17:04:00,7,3,2025,0,,,,,,,,,,,
21,6:52:00,17:39:00,10,3,2025,0,,,,,,,,,,,
21,6:25:00,18:53:00,11,3,2025,0,,,,,,,,,,,
21,6:11:00,17:50:00,12,3,2025,0,,,,,,,,,,,
21,6:01:00,16:09:00,13,3,2025,0,,,,,,,,,,,
21,6:55:00,17:32:00,14,3,2025,0,,,,,,,,,,,
21,6:56:00,16:56:00,17,3,2025,0,,,,,,,,,,,
21,6:27:00,18:04:00,18,3,2025,0,,,,,,,,,,,
21,6:48:00,18:53:00,19,3,2025,0,,,,,,,,,,,
21,6:14:00,18:07:00,20,3,2025,0,,,,,,,,,,,
21,6:48:00,18:01:00,21,3,2025,0,,,,,,,,,,,
21,6:50:00,16:35:00,24,3,2025,0,,,,,,,,,,,
21,6:48:00,18:35:00,25,3,2025,0,,,,,,,,,,,
21,6:12:00,16:30:00,26,3,2025,0,,,,,,,,,,,
21,6:59:00,16:48:00,27,3,2025,0,,,,,,,,,,,
21,6:07:00,17:23:00,28,3,2025,0,,,,,,,,,,,
21,6:20:00,18:51:00,31,3,2025,0,,,,,,,,,,,
22,6:01:00,17:14:00,3,2,2025,0,,,,,,,,,,,
22,6:43:00,17:14:00,4,2,2025,0,,,,,,,,,,,
22,6:39:00,18:41:00,5,2,2025,0,,,,,,,,,,,
22,6:43:00,18:19:00,6,2,2025,0,,,,,,,,,,,
22,6:13:00,18:56:00,7,2,2025,0,,,,,,,,,,,
22,6:34:00,17:29:00,10,2,2025,0,,,,,,,,,,,
22,6:11:00,17:54:00,11,2,2025,0,,,,,,,,,,,
22,6:51:00,18:05:00,12,2,2025,0,,,,,,,,,,,
22,6:57:00,16:26:00,13,2,2025,0,,,,,,,,,,,
22,6:13:00,17:10:00,14,2,2025,0,,,,,,,,,,,
22,6:22:00,17:19:00,17,2,2025,0,,,,,,,,,,,
22,6:58:00,17:51:00,18,2,2025,0,,,,,,,,,,,
22,6:40:00,18:22:00,19,2,2025,0,,,,,,,,,,,
22,6:48:00,17:54:00,20,2,2025,0,,,,,,,,,,,
22,6:21:00,17:40:00,21,2,2025,0,,,,,,,,,,,
22,6:16:00,18:12:00,24,2,2025,0,,,,,,,,,,,
22,6:12:00,17:48:00,25,2,2025,0,,,,,,,,,,,
22,6:16:00,16:11:00,26,2,2025,0,,,,,,,,,,,
22,6:04:00,16:09:00,27,2,2025,0,,,,,,,,,,,
22,6:11:00,16:21:00,28,2,2025,0,,,,,,,,,,,
22,8:51:00,17:52:00,3,3,2025,2,,,,,,,,,,,
22,6:50:00,16:58:00,4,3,2025,0,,,,,,,,,,,
22,6:16:00,16:21:00,5,3,2025,0,,,,,,,,,,,
22,6:29:00,16:15:00,6,3,2025,0,,,,,,,,,,,
22,6:21:00,17:30:00,7,3,2025,0,,,,,,,,,,,
22,6:55:00,18:30:00,10,3,2025,0,,,,,,,,,,,
22,6:45:00,16:21:00,11,3,2025,0,,,,,,,,,,,
22,6:39:00,17:22:00,12,3,2025,0,,,,,,,,,,,
22,6:01:00,17:35:00,13,3,2025,0,,,,,,,,,,,
22,6:34:00,18:26:00,14,3,2025,0,,,,,,,,,,,
22,6:06:00,18:01:00,17,3,2025,0,,,,,,,,,,,
22,6:54:00,16:03:00,18,3,2025,0,,,,,,,,,,,
22,6:15:00,17:44:00,19,3,2025,0,,,,,,,,,,,
22,6:10:00,16:20:00,20,3,2025,0,,,,,,,,,,,
22,6:10:00,18:38:00,21,3,2025,0,,,,,,,,,,,
22,6:48:00,16:35:00,24,3,2025,0,,,,,,,,,,,
22,6:45:00,18:15:00,25,3,2025,0,,,,,,,,,,,
22,6:12:00,17:00:00,26,3,2025,0,,,,,,,,,,,
22,6:34:00,16:07:00,27,3,2025,0,,,,,,,,,,,
22,6:57:00,17:38:00,28,3,2025,0,,,,,,,,,,,
22,6:18:00,18:53:00,31,3,2025,0,,,,,,,,,,,
23,6:03:00,17:05:00,3,2,2025,0,,,,,,,,,,,
23,6:23:00,17:30:00,4,2,2025,0,,,,,,,,,,,
23,6:56:00,16:51:00,5,2,2025,0,,,,,,,,,,,
23,6:10:00,18:48:00,6,2,2025,0,,,,,,,,,,,
23,6:15:00,17:24:00,7,2,2025,0,,,,,,,,,,,
23,6:58:00,16:11:00,10,2,2025,0,,,,,,,,,,,
23,8:03:00,16:41:00,11,2,2025,2,,,,,,,,,,,
23,6:25:00,18:19:00,12,2,2025,0,,,,,,,,,,,
23,6:12:00,16:52:00,13,2,2025,0,,,,,,,,,,,
23,6:59:00,17:14:00,14,2,2025,0,,,,,,,,,,,
23,6:49:00,18:39:00,17,2,2025,0,,,,,,,,,,,
23,6:32:00,16:59:00,18,2,2025,0,,,,,,,,,,,
23,6:47:00,16:14:00,19,2,2025,0,,,,,,,,,,,
23,6:03:00,17:02:00,20,2,2025,0,,,,,,,,,,,
23,6:36:00,17:54:00,21,2,2025,0,,,,,,,,,,,
23,6:06:00,18:26:00,24,2,2025,0,,,,,,,,,,,
23,6:35:00,16:56:00,25,2,2025,0,,,,,,,,,,,
23,6:12:00,17:29:00,26,2,2025,0,,,,,,,,,,,
23,6:28:00,18:36:00,27,2,2025,0,,,,,,,,,,,
23,6:18:00,16:53:00,28,2,2025,0,,,,,,,,,,,
23,6:36:00,18:38:00,3,3,2025,0,,,,,,,,,,,
23,6:51:00,17:42:00,4,3,2025,0,,,,,,,,,,,
23,6:23:00,16:08:00,5,3,2025,0,,,,,,,,,,,
23,6:56:00,16:58:00,6,3,2025,0,,,,,,,,,,,
23,6:47:00,17:02:00,7,3,2025,0,,,,,,,,,,,
23,6:46:00,18:44:00,10,3,2025,0,,,,,,,,,,,
23,6:52:00,16:21:00,11,3,2025,0,,,,,,,,,,,
23,6:16:00,17:29:00,12,3,2025,0,,,,,,,,,,,
23,6:59:00,18:39:00,13,3,2025,0,,,,,,,,,,,
23,6:35:00,17:50:00,14,3,2025,0,,,,,,,,,,,
23,6:58:00,17:06:00,17,3,2025,0,,,,,,,,,,,
23,6:13:00,16:53:00,18,3,2025,0,,,,,,,,,,,
23,6:30:00,18:23:00,19,3,2025,0,,,,,,,,,,,
23,6:47:00,17:19:00,20,3,2025,0,,,,,,,,,,,
23,6:57:00,18:18:00,21,3,2025,0,,,,,,,,,,,
23,6:45:00,17:52:00,24,3,2025,0,,,,,,,,,,,
23,,,25,3,2025,1,,,,,,,,,,,
23,6:07:00,18:22:00,26,3,2025,0,,,,,,,,,,,
23,6:12:00,16:40:00,27,3,2025,0,,,,,,,,,,,
23,6:04:00,16:32:00,28,3,2025,0,,,,,,,,,,,
23,6:58:00,16:42:00,31,3,2025,0,,,,,,,,,,,
24,6:35:00,18:00:00,3,2,2025,0,,,,,,,,,,,
24,6:02:00,18:20:00,4,2,2025,0,,,,,,,,,,,
24,6:33:00,16:30:00,5,2,2025,0,,,,,,,,,,,
24,6:19:00,18:03:00,6,2,2025,0,,,,,,,,,,,
24,6:44:00,16:46:00,7,2,2025,0,,,,,,,,,,,
24,6:47:00,17:12:00,10,2,2025,0,,,,,,,,,,,
24,6:23:00,17:48:00,11,2,2025,0,,,,,,,,,,,
24,6:52:00,18:33:00,12,2,2025,0,,,,,,,,,,,
24,6:59:00,17:14:00,13,2,2025,0,,,,,,,,,,,
24,6:31:00,16:17:00,14,2,2025,0,,,,,,,,,,,
24,6:55:00,18:02:00,17,2,2025,0,,,,,,,,,,,
24,7:16:00,17:22:00,18,2,2025,2,,,,,,,,,,,
24,6:13:00,17:31:00,19,2,2025,0,,,,,,,,,,,
24,6:45:00,17:00:00,20,2,2025,0,,,,,,,,,,,
24,6:40:00,18:44:00,21,2,2025,0,,,,,,,,,,,
24,6:37:00,16:38:00,24,2,2025,0,,,,,,,,,,,
24,6:34:00,17:44:00,25,2,2025,0,,,,,,,,,,,
24,6:34:00,17:35:00,26,2,2025,0,,,,,,,,,,,
24,6:17:00,16:19:00,27,2,2025,0,,,,,,,,,,,
24,6:47:00,16:20:00,28,2,2025,0,,,,,,,,,,,
24,6:10:00,18:39:00,3,3,2025,0,,,,,,,,,,,
24,6:40:00,16:55:00,4,3,2025,0,,,,,,,,,,,
24,6:04:00,17:45:00,5,3,2025,0,,,,,,,,,,,
24,6:47:00,16:29:00,6,3,2025,0,,,,,,,,,,,
24,6:48:00,17:42:00,7,3,2025,0,,,,,,,,,,,
24,6:32:00,18:57:00,10,3,2025,0,,,,,,,,,,,
24,6:09:00,17:27:00,11,3,2025,0,,,,,,,,,,,
24,6:05:00,17:54:00,12,3,2025,0,,,,,,,,,,,
24,,,13,3,2025,1,,,,,,,,,,,
24,6:10:00,17:50:00,14,3,2025,0,,,,,,,,,,,
24,6:49:00,17:02:00,17,3,2025,0,,,,,,,,,,,
24,6:07:00,16:38:00,18,3,2025,0,,,,,,,,,,,
24,6:18:00,16:38:00,19,3,2025,0,,,,,,,,,,,
24,6:11:00,18:28:00,20,3,2025,0,,,,,,,,,,,
24,6:50:00,17:27:00,21,3,2025,0,,,,,,,,,,,
24,6:35:00,17:28:00,24,3,2025,0,,,,,,,,,,,
24,6:19:00,17:52:00,25,3,2025,0,,,,,,,,,,,
24,6:37:00,16:21:00,26,3,2025,0,,,,,,,,,,,
24,6:55:00,16:08:00,27,3,2025,0,,,,,,,,,,,
24,6:42:00,18:05:00,28,3,2025,0,,,,,,,,,,,
24,6:25:00,17:33:00,31,3,2025,0,,,,,,,,,,,
25,6:59:00,18:39:00,3,2,2025,0,,,,,,,,,,,
25,,,4,2,2025,1,,,,,,,,,,,
25,6:17:00,17:08:00,5,2,2025,0,,,,,,,,,,,
25,6:50:00,16:28:00,6,2,2025,0,,,,,,,,,,,
25,6:01:00,17:32:00,7,2,2025,0,,,,,,,,,,,
25,6:28:00,18:21:00,10,2,2025,0,,,,,,,,,,,
25,6:08:00,16:29:00,11,2,2025,0,,,,,,,,,,,
25,6:10:00,18:59:00,12,2,2025,0,,,,,,,,,,,
25,6:50:00,16:29:00,13,2,2025,0,,,,,,,,,,,
25,6:11:00,16:39:00,14,2,2025,0,,,,,,,,,,,
25,6:34:00,18:15:00,17,2,2025,0,,,,,,,,,,,
25,6:46:00,16:04:00,18,2,2025,0,,,,,,,,,,,
25,6:12:00,16:05:00,19,2,2025,0,,,,,,,,,,,
25,6:13:00,17:26:00,20,2,2025,0,,,,,,,,,,,
25,6:48:00,17:47:00,21,2,2025,0,,,,,,,,,,,
25,6:58:00,17:09:00,24,2,2025,0,,,,,,,,,,,
25,6:53:00,16:36:00,25,2,2025,0,,,,,,,,,,,
25,6:56:00,17:08:00,26,2,2025,0,,,,,,,,,,,
25,6:31:00,18:10:00,27,2,2025,0,,,,,,,,,,,
25,6:27:00,18:35:00,28,2,2025,0,,,,,,,,,,,
25,6:57:00,18:18:00,3,3,2025,0,,,,,,,,,,,
25,6:26:00,17:40:00,4,3,2025,0,,,,,,,,,,,
25,6:59:00,17:30:00,5,3,2025,0,,,,,,,,,,,
25,6:54:00,18:14:00,6,3,2025,0,,,,,,,,,,,
25,6:05:00,18:18:00,7,3,2025,0,,,,,,,,,,,
25,6:13:00,18:08:00,10,3,2025,0,,,,,,,,,,,
25,6:08:00,17:29:00,11,3,2025,0,,,,,,,,,,,
25,6:36:00,16:30:00,12,3,2025,0,,,,,,,,,,,
25,6:19:00,18:28:00,13,3,2025,0,,,,,,,,,,,
25,6:37:00,18:45:00,14,3,2025,0,,,,,,,,,,,
25,6:46:00,16:00:00,17,3,2025,0,,,,,,,,,,,
25,6:43:00,17:59:00,18,3,2025,0,,,,,,,,,,,
25,6:21:00,16:55:00,19,3,2025,0,,,,,,,,,,,
25,6:32:00,16:00:00,20,3,2025,0,,,,,,,,,,,
25,6:20:00,17:35:00,21,3,2025,0,,,,,,,,,,,
25,6:44:00,16:28:00,24,3,2025,0,,,,,,,,,,,
25,6:16:00,16:32:00,25,3,2025,0,,,,,,,,,,,
25,6:58:00,17:57:00,26,3,2025,0,,,,,,,,,,,
25,6:05:00,18:41:00,27,3,2025,0,,,,,,,,,,,
25,6:39:00,18:18:00,28,3,2025,0,,,,,,,,,,,
25,6:09:00,17:59:00,31,3,2025,0,,,,,,,,,,,
26,6:52:00,16:41:00,3,2,2025,0,,,,,,,,,,,
26,6:39:00,18:22:00,4,2,2025,0,,,,,,,,,,,
26,6:00:00,17:26:00,5,2,2025,0,,,,,,,,,,,
26,6:55:00,18:45:00,6,2,2025,0,,,,,,,,,,,
26,6:13:00,18:36:00,7,2,2025,0,,,,,,,,,,,
26,6:31:00,16:59:00,10,2,2025,0,,,,,,,,,,,
26,6:25:00,18:53:00,11,2,2025,0,,,,,,,,,,,
26,6:50:00,16:59:00,12,2,2025,0,,,,,,,,,,,
26,6:10:00,17:26:00,13,2,2025,0,,,,,,,,,,,
26,6:34:00,16:48:00,14,2,2025,0,,,,,,,,,,,
26,6:01:00,17:20:00,17,2,2025,0,,,,,,,,,,,
26,6:48:00,16:25:00,18,2,2025,0,,,,,,,,,,,
26,6:08:00,17:31:00,19,2,2025,0,,,,,,,,,,,
26,6:23:00,17:09:00,20,2,2025,0,,,,,,,,,,,
26,6:35:00,17:12:00,21,2,2025,0,,,,,,,,,,,
26,6:18:00,18:39:00,24,2,2025,0,,,,,,,,,,,
26,6:46:00,18:45:00,25,2,2025,0,,,,,,,,,,,
26,6:10:00,17:09:00,26,2,2025,0,,,,,,,,,,,
26,6:39:00,16:56:00,27,2,2025,0,,,,,,,,,,,
26,6:51:00,18:25:00,28,2,2025,0,,,,,,,,,,,
26,6:26:00,16:06:00,3,3,2025,0,,,,,,,,,,,
26,6:39:00,16:59:00,4,3,2025,0,,,,,,,,,,,
26,,,5,3,2025,1,,,,,,,,,,,
26,6:28:00,16:27:00,6,3,2025,0,,,,,,,,,,,
26,6:45:00,17:26:00,7,3,2025,0,,,,,,,,,,,
26,6:25:00,16:41:00,10,3,2025,0,,,,,,,,,,,
26,7:28:00,18:50:00,11,3,2025,2,,,,,,,,,,,
26,6:08:00,17:16:00,12,3,2025,0,,,,,,,,,,,
26,6:12:00,18:12:00,13,3,2025,0,,,,,,,,,,,
26,6:53:00,16:41:00,14,3,2025,0,,,,,,,,,,,
26,6:13:00,17:22:00,17,3,2025,0,,,,,,,,,,,
26,6:22:00,16:27:00,18,3,2025,0,,,,,,,,,,,
26,6:01:00,16:51:00,19,3,2025,0,,,,,,,,,,,
26,6:41:00,18:35:00,20,3,2025,0,,,,,,,,,,,
26,6:06:00,18:05:00,21,3,2025,0,,,,,,,,,,,
26,6:35:00,16:56:00,24,3,2025,0,,,,,,,,,,,
26,6:37:00,18:22:00,25,3,2025,0,,,,,,,,,,,
26,6:18:00,18:46:00,26,3,2025,0,,,,,,,,,,,
26,6:14:00,17:03:00,27,3,2025,0,,,,,,,,,,,
26,6:32:00,17:44:00,28,3,2025,0,,,,,,,,,,,
26,6:07:00,17:36:00,31,3,2025,0,,,,,,,,,,,
27,6:04:00,18:47:00,3,2,2025,0,,,,,,,,,,,
27,6:24:00,18:21:00,4,2,2025,0,,,,,,,,,,,
27,6:07:00,18:02:00,5,2,2025,0,,,,,,,,,,,
27,6:18:00,17:13:00,6,2,2025,0,,,,,,,,,,,
27,6:51:00,17:07:00,7,2,2025,0,,,,,,,,,,,
27,6:17:00,17:23:00,10,2,2025,0,,,,,,,,,,,
27,6:36:00,17:52:00,11,2,2025,0,,,,,,,,,,,
27,6:23:00,16:40:00,12,2,2025,0,,,,,,,,,,,
27,6:22:00,17:00:00,13,2,2025,0,,,,,,,,,,,
27,6:27:00,17:39:00,14,2,2025,0,,,,,,,,,,,
27,6:22:00,17:19:00,17,2,2025,0,,,,,,,,,,,
27,6:48:00,18:33:00,18,2,2025,0,,,,,,,,,,,
27,6:52:00,17:46:00,19,2,2025,0,,,,,,,,,,,
27,6:37:00,17:56:00,20,2,2025,0,,,,,,,,,,,
27,6:15:00,16:33:00,21,2,2025,0,,,,,,,,,,,
27,,,24,2,2025,1,,,,,,,,,,,
27,6:48:00,16:48:00,25,2,2025,0,,,,,,,,,,,
27,6:23:00,17:42:00,26,2,2025,0,,,,,,,,,,,
27,7:45:00,18:48:00,27,2,2025,2,,,,,,,,,,,
27,6:34:00,17:28:00,28,2,2025,0,,,,,,,,,,,
27,6:28:00,18:07:00,3,3,2025,0,,,,,,,,,,,
27,6:21:00,16:49:00,4,3,2025,0,,,,,,,,,,,
27,6:14:00,18:48:00,5,3,2025,0,,,,,,,,,,,
27,6:54:00,18:41:00,6,3,2025,0,,,,,,,,,,,
27,6:13:00,18:00:00,7,3,2025,0,,,,,,,,,,,
27,6:48:00,16:20:00,10,3,2025,0,,,,,,,,,,,
27,6:10:00,18:15:00,11,3,2025,0,,,,,,,,,,,
27,6:06:00,16:58:00,12,3,2025,0,,,,,,,,,,,
27,6:46:00,17:55:00,13,3,2025,0,,,,,,,,,,,
27,8:41:00,18:30:00,14,3,2025,2,,,,,,,,,,,
27,6:35:00,18:43:00,17,3,2025,0,,,,,,,,,,,
27,6:08:00,17:46:00,18,3,2025,0,,,,,,,,,,,
27,6:46:00,18:45:00,19,3,2025,0,,,,,,,,,,,
27,6:12:00,17:41:00,20,3,2025,0,,,,,,,,,,,
27,6:39:00,18:05:00,21,3,2025,0,,,,,,,,,,,
27,6:00:00,18:54:00,24,3,2025,0,,,,,,,,,,,
27,6:22:00,17:18:00,25,3,2025,0,,,,,,,,,,,
27,6:48:00,17:08:00,26,3,2025,0,,,,,,,,,,,
27,6:12:00,18:09:00,27,3,2025,0,,,,,,,,,,,
27,6:04:00,18:36:00,28,3,2025,0,,,,,,,,,,,
27,6:51:00,17:47:00,31,3,2025,0,,,,,,,,,,,
28,6:34:00,17:34:00,3,2,2025,0,,,,,,,,,,,
28,6:33:00,18:52:00,4,2,2025,0,,,,,,,,,,,
28,6:28:00,16:16:00,5,2,2025,0,,,,,,,,,,,
28,6:41:00,18:21:00,6,2,2025,0,,,,,,,,,,,
28,6:11:00,16:31:00,7,2,2025,0,,,,,,,,,,,
28,6:21:00,16:55:00,10,2,2025,0,,,,,,,,,,,
28,6:35:00,16:48:00,11,2,2025,0,,,,,,,,,,,
28,6:36:00,16:24:00,12,2,2025,0,,,,,,,,,,,
28,6:37:00,16:21:00,13,2,2025,0,,,,,,,,,,,
28,6:01:00,16:23:00,14,2,2025,0,,,,,,,,,,,
28,6:04:00,16:42:00,17,2,2025,0,,,,,,,,,,,
28,6:38:00,16:49:00,18,2,2025,0,,,,,,,,,,,
28,6:40:00,18:47:00,19,2,2025,0,,,,,,,,,,,
28,6:02:00,18:52:00,20,2,2025,0,,,,,,,,,,,
28,6:16:00,17:04:00,21,2,2025,0,,,,,,,,,,,
28,6:10:00,16:20:00,24,2,2025,0,,,,,,,,,,,
28,6:45:00,18:02:00,25,2,2025,0,,,,,,,,,,,
28,6:31:00,16:13:00,26,2,2025,0,,,,,,,,,,,
28,6:29:00,17:00:00,27,2,2025,0,,,,,,,,,,,
28,6:08:00,18:32:00,28,2,2025,0,,,,,,,,,,,
28,6:32:00,18:37:00,3,3,2025,0,,,,,,,,,,,
28,6:15:00,17:06:00,4,3,2025,0,,,,,,,,,,,
28,6:26:00,17:02:00,5,3,2025,0,,,,,,,,,,,
28,6:13:00,16:03:00,6,3,2025,0,,,,,,,,,,,
28,6:21:00,18:06:00,7,3,2025,0,,,,,,,,,,,
28,6:33:00,18:11:00,10,3,2025,0,,,,,,,,,,,
28,6:03:00,17:13:00,11,3,2025,0,,,,,,,,,,,
28,6:49:00,17:23:00,12,3,2025,0,,,,,,,,,,,
28,6:22:00,18:52:00,13,3,2025,0,,,,,,,,,,,
28,6:58:00,18:45:00,14,3,2025,0,,,,,,,,,,,
28,6:54:00,18:10:00,17,3,2025,0,,,,,,,,,,,
28,6:37:00,17:29:00,18,3,2025,0,,,,,,,,,,,
28,6:40:00,17:22:00,19,3,2025,0,,,,,,,,,,,
28,6:28:00,17:35:00,20,3,2025,0,,,,,,,,,,,
28,6:49:00,16:08:00,21,3,2025,0,,,,,,,,,,,
28,6:35:00,18:29:00,24,3,2025,0,,,,,,,,,,,
28,6:34:00,17:09:00,25,3,2025,0,,,,,,,,,,,
28,6:01:00,18:20:00,26,3,2025,0,,,,,,,,,,,
28,6:27:00,17:29:00,27,3,2025,0,,,,,,,,,,,
28,6:47:00,17:28:00,28,3,2025,0,,,,,,,,,,,
28,6:55:00,16:27:00,31,3,2025,0,,,,,,,,,,,
29,6:00:00,18:48:00,3,2,2025,0,,,,,,,,,,,
29,6:34:00,16:15:00,4,2,2025,0,,,,,,,,,,,
29,6:19:00,17:24:00,5,2,2025,0,,,,,,,,,,,
29,6:06:00,18:27:00,6,2,2025,0,,,,,,,,,,,
29,6:52:00,18:43:00,7,2,2025,0,,,,,,,,,,,
29,6:56:00,16:32:00,10,2,2025,0,,,,,,,,,,,
29,6:22:00,18:03:00,11,2,2025,0,,,,,,,,,,,
29,6:24:00,16:33:00,12,2,2025,0,,,,,,,,,,,
29,6:06:00,17:30:00,13,2,2025,0,,,,,,,,,,,
29,6:19:00,17:39:00,14,2,2025,0,,,,,,,,,,,
29,6:30:00,16:13:00,17,2,2025,0,,,,,,,,,,,
29,6:52:00,17:33:00,18,2,2025,0,,,,,,,,,,,
29,6:31:00,16:00:00,19,2,2025,0,,,,,,,,,,,
29,6:15:00,16:20:00,20,2,2025,0,,,,,,,,,,,
29,6:54:00,16:50:00,21,2,2025,0,,,,,,,,,,,
29,6:02:00,18:02:00,24,2,2025,0,,,,,,,,,,,
29,6:27:00,16:24:00,25,2,2025,0,,,,,,,,,,,
29,6:38:00,16:37:00,26,2,2025,0,,,,,,,,,,,
29,6:36:00,17:22:00,27,2,2025,0,,,,,,,,,,,
29,6:28:00,16:00:00,28,2,2025,0,,,,,,,,,,,
29,6:37:00,16:14:00,3,3,2025,0,,,,,,,,,,,
29,6:10:00,16:42:00,4,3,2025,0,,,,,,,,,,,
29,6:16:00,17:05:00,5,3,2025,0,,,,,,,,,,,
29,6:52:00,18:52:00,6,3,2025,0,,,,,,,,,,,
29,6:00:00,17:39:00,7,3,2025,0,,,,,,,,,,,
29,6:32:00,16:28:00,10,3,2025,0,,,,,,,,,,,
29,6:17:00,16:05:00,11,3,2025,0,,,,,,,,,,,
29,6:04:00,16:22:00,12,3,2025,0,,,,,,,,,,,
29,6:43:00,18:31:00,13,3,2025,0,,,,,,,,,,,
29,6:14:00,16:14:00,14,3,2025,0,,,,,,,,,,,
29,6:01:00,16:32:00,17,3,2025,0,,,,,,,,,,,
29,6:35:00,17:13:00,18,3,2025,0,,,,,,,,,,,
29,6:42:00,18:43:00,19,3,2025,0,,,,,,,,,,,
29,6:30:00,17:07:00,20,3,2025,0,,,,,,,,,,,
29,6:01:00,18:37:00,21,3,2025,0,,,,,,,,,,,
29,6:07:00,18:50:00,24,3,2025,0,,,,,,,,,,,
29,6:38:00,17:31:00,25,3,2025,0,,,,,,,,,,,
29,6:04:00,17:27:00,26,3,2025,0,,,,,,,,,,,
29,6:22:00,16:41:00,27,3,2025,0,,,,,,,,,,,
29,6:30:00,16:46:00,28,3,2025,0,,,,,,,,,,,
29,8:36:00,17:16:00,31,3,2025,2,,,,,,,,,,,
30,6:37:00,17:35:00,3,2,2025,0,,,,,,,,,,,
30,6:12:00,17:20:00,4,2,2025,0,,,,,,,,,,,
30,6:39:00,17:35:00,5,2,2025,0,,,,,,,,,,,
30,,,6,2,2025,1,,,,,,,,,,,
30,6:19:00,17:36:00,7,2,2025,0,,,,,,,,,,,
30,6:04:00,18:07:00,10,2,2025,0,,,,,,,,,,,
30,6:36:00,16:43:00,11,2,2025,0,,,,,,,,,,,
30,6:10:00,16:33:00,12,2,2025,0,,,,,,,,,,,
30,6:18:00,17:51:00,13,2,2025,0,,,,,,,,,,,
30,6:39:00,17:07:00,14,2,2025,0,,,,,,,,,,,
30,6:03:00,17:15:00,17,2,2025,0,,,,,,,,,,,
30,6:30:00,16:09:00,18,2,2025,0,,,,,,,,,,,
30,6:06:00,16:35:00,19,2,2025,0,,,,,,,,,,,
30,6:37:00,17:03:00,20,2,2025,0,,,,,,,,,,,
30,6:11:00,18:09:00,21,2,2025,0,,,,,,,,,,,
30,6:47:00,17:08:00,24,2,2025,0,,,,,,,,,,,
30,6:26:00,18:11:00,25,2,2025,0,,,,,,,,,,,
30,6:03:00,18:29:00,26,2,2025,0,,,,,,,,,,,
30,6:23:00,18:53:00,27,2,2025,0,,,,,,,,,,,
30,6:05:00,16:27:00,28,2,2025,0,,,,,,,,,,,
30,6:31:00,17:35:00,3,3,2025,0,,,,,,,,,,,
30,,,4,3,2025,1,,,,,,,,,,,
30,6:51:00,17:01:00,5,3,2025,0,,,,,,,,,,,
30,6:03:00,17:33:00,6,3,2025,0,,,,,,,,,,,
30,6:53:00,17:03:00,7,3,2025,0,,,,,,,,,,,
30,6:44:00,17:39:00,10,3,2025,0,,,,,,,,,,,
30,6:15:00,18:32:00,11,3,2025,0,,,,,,,,,,,
30,6:31:00,17:29:00,12,3,2025,0,,,,,,,,,,,
30,6:59:00,17:08:00,13,3,2025,0,,,,,,,,,,,
30,6:14:00,16:02:00,14,3,2025,0,,,,,,,,,,,
30,6:42:00,16:17:00,17,3,2025,0,,,,,,,,,,,
30,6:39:00,17:18:00,18,3,2025,0,,,,,,,,,,,
30,8:59:00,16:55:00,19,3,2025,2,,,,,,,,,,,
30,6:23:00,16:04:00,20,3,2025,0,,,,,,,,,,,
30,6:39:00,18:24:00,21,3,2025,0,,,,,,,,,,,
30,6:28:00,18:22:00,24,3,2025,0,,,,,,,,,,,
30,6:25:00,16:13:00,25,3,2025,0,,,,,,,,,,,
30,6:03:00,18:09:00,26,3,2025,0,,,,,,,,,,,
30,6:54:00,17:34:00,27,3,2025,0,,,,,,,,,,,
30,6:48:00,17:14:00,28,3,2025,0,,,,,,,,,,,
30,6:26:00,16:28:00,31,3,2025,0,,,,,,,,,,,
,,,,,,,,,,,,,,,,,
content: PhuCap,,,,,,,,,,,,,,,,,
ten_phu_cap,gia_tri,,,,,,,,,,,,,,,,
Phụ cấp thâm niên:,1000000,,,,,,,,,,,,,,,,
Phụ cấp đi lại:,500000,,,,,,,,,,,,,,,,
Phụ cấp đứng lớp:,1200000,,,,,,,,,,,,,,,,
,,,,,,,,,,,,,,,,,
content: PhuCapNhanVien,,,,,,,,,,,,,,,,,
nhan_vien,phu_cap_id,,,,,,,,,,,,,,,,
1,1,,,,,,,,,,,,,,,,
1,2,,,,,,,,,,,,,,,,
2,1,,,,,,,,,,,,,,,,
2,2,,,,,,,,,,,,,,,,
3,2,,,,,,,,,,,,,,,,
3,3,,,,,,,,,,,,,,,,
4,2,,,,,,,,,,,,,,,,
4,3,,,,,,,,,,,,,,,,
5,2,,,,,,,,,,,,,,,,
5,3,,,,,,,,,,,,,,,,
6,2,,,,,,,,,,,,,,,,
6,3,,,,,,,,,,,,,,,,
7,2,,,,,,,,,,,,,,,,
7,3,,,,,,,,,,,,,,,,
8,2,,,,,,,,,,,,,,,,
8,3,,,,,,,,,,,,,,,,
9,2,,,,,,,,,,,,,,,,
9,3,,,,,,,,,,,,,,,,
10,2,,,,,,,,,,,,,,,,
10,3,,,,,,,,,,,,,,,,
11,2,,,,,,,,,,,,,,,,
12,3,,,,,,,,,,,,,,,,
13,2,,,,,,,,,,,,,,,,
14,3,,,,,,,,,,,,,,,,
15,2,,,,,,,,,,,,,,,,
16,3,,,,,,,,,,,,,,,,
17,2,,,,,,,,,,,,,,,,
18,3,,,,,,,,,,,,,,,,
19,2,,,,,,,,,,,,,,,,
20,3,,,,,,,,,,,,,,,,
21,2,,,,,,,,,,,,,,,,
22,3,,,,,,,,,,,,,,,,
23,2,,,,,,,,,,,,,,,,
24,3,,,,,,,,,,,,,,,,
25,2,,,,,,,,,,,,,,,,
26,3,,,,,,,,,,,,,,,,
27,2,,,,,,,,,,,,,,,,
28,3,,,,,,,,,,,,,,,,
29,2,,,,,,,,,,,,,,,,
30,3,,,,,,,,,,,,,,,,
